-16,52
-16,-33
-6,-33
22,-33
-7,-33
109,-33
62,-33
57,-33
27,-33
60,-33
-9,-33
-3,-33
-12,-33
-10,-33
-8,-33
-4,-33
23,52
104,-33
-3,52
1,52
68,-33
107,-33
-14,-33
108,-33
-13,52
-5,-33
109,52
106,-33
96,-33
3,52
87,-33
2,-33
90,-33
106,52
56,-33
-1,-33
70,-33
29,52
52,52
101,-33
-15,52
99,52
63,-33
-11,52
103,-33
-13,-33
6,52
-15,-33
102,-33
64,-33
94,52
77,-33
10,52
79,52
97,-33
99,-33
55,52
69,52
0,-33
95,-33
26,52
3,-33
-2,-33
7,52
10,-33
14,-33
14,52
67,52
-6,52
46,-33
1,-33
81,52
29,-33
86,-33
33,52
97,52
108,52
80,-33
12,-33
43,-33
15,52
-11,-33
50,52
72,52
32,-33
4,-33
88,52
83,52
67,-33
19,52
63,52
0,52
91,-33
37,-33
69,-33
47,-33
47,52
105,52
48,52
92,52
-14,52
45,52
60,52
53,-33
92,-33
100,52
82,52
51,52
74,-33
43,52
68,52
101,52
28,52
64,52
27,52
-5,52
94,-33
59,-33
20,52
98,52
95,52
-8,52
54,-33
22,52
54,52
78,-33
18,-33
100,-33
40,-33
13,52
81,-33
34,52
9,52
11,-33
76,-33
40,52
90,52
15,-33
84,-33
91,52
5,52
80,52
35,-33
104,52
31,52
8,52
46,52
85,-33
93,-33
55,-33
76,52
77,52
23,-33
17,-33
56,52
26,-33
-10,52
103,52
-12,52
75,-33
45,-33
24,-33
82,-33
13,-33
18,52
72,-33
37,52
41,-33
85,52
2,52
66,52
57,52
65,-33
-2,52
41,52
24,52
49,52
-1,52
61,52
33,-33
35,52
12,52
48,-33
86,52
71,52
93,52
30,52
28,-33
25,52
30,-33
89,-33
32,52
19,-33
79,-33
107,52
6,-33
98,-33
-4,52
53,52
105,-33
73,-33
50,-33
36,52
31,-33
21,52
5,-33
96,52
52,-33
17,52
83,-33
58,-33
42,-33
16,-33
73,52
38,52
74,52
-9,52
42,52
34,-33
84,52
58,52
8,-33
88,-33
62,52
-7,52
20,-33
59,52
9,-33
102,52
7,-33
44,52
16,52
44,-33
21,-33
11,52
39,52
110,-33
65,52
110,52
39,-33
89,52
36,-33
75,52
4,52
71,-33
38,-33
66,-33
61,-33
25,-33
70,52
87,52
49,-33
78,52
51,-33
11,-71
9,-14
11,-14
0,39
9,-15
0,-15
2,15
0,15
0,-2
0,-29
0,-19
15,15
4,21
18,-13
31,-13
11,10
27,15
7,15
0,-13
18,15
11,40
0,36
0,-9
9,40
0,4
58,-13
25,-13
0,79
0,-3
9,-9
0,-128
50,-13
4,69
2,4
31,-3
18,-3
13,-13
27,4
10,-71
0,-14
55,-14
15,4
45,-15
18,4
15,-15
50,15
25,-3
51,-29
7,4
31,-19
8,39
3,-13
7,21
41,-15
50,-3
58,-3
0,40
10,10
42,-15
73,-29
55,40
45,-9
15,-9
4,-13
50,4
13,-3
51,-3
65,-29
8,36
1,-29
31,-128
3,-3
41,-9
7,69
3,39
33,-15
43,-14
7,-71
51,-15
73,-3
36,15
4,-15
4,-3
42,-29
8,15
0,-71
42,-9
53,-19
42,-2
39,-14
46,-29
50,-19
1,-3
11,21
65,-3
43,40
9,-13
50,-2
7,10
51,-19
36,4
0,21
4,-9
6,-14
8,4
0,10
33,-9
53,-128
42,79
39,40
3,36
36,-15
48,-14
50,-128
51,-9
11,69
42,-3
50,79
9,-3
51,-128
33,15
26,-14
0,69
46,-3
2,-2
3,-71
6,40
62,-19
4,-71
18,21
13,15
14,39
61,-13
8,-15
36,-9
25,-19
38,-14
37,21
6,39
8,-13
3,-29
44,-19
26,40
48,40
10,15
12,21
2,79
30,-13
47,-2
14,-15
1,-13
3,10
62,-128
53,15
19,-14
18,69
33,4
14,36
58,-19
32,39
61,-3
25,-128
8,-9
37,69
4,15
8,-3
21,-19
44,-128
13,4
4,10
27,39
30,-3
38,40
21,-29
39,-13
6,36
55,21
77,-29
19,40
37,-14
14,-13
49,-15
12,69
32,36
10,4
34,21
47,79
14,-9
4,4
10,-29
49,15
53,4
27,36
30,21
64,-2
58,-128
21,-14
16,-13
21,-3
35,39
39,-3
40,-19
55,69
77,-3
21,-128
14,-3
49,-9
34,69
43,-13
22,-14
3,-15
10,-3
11,39
37,40
30,69
9,-19
82,-29
16,-3
14,-19
48,-13
10,-2
49,4
24,21
7,-13
64,79
31,15
57,21
21,40
35,36
40,-128
3,-9
43,-29
23,-19
57,-13
43,-3
82,-3
40,21
14,-128
22,40
5,-13
24,69
7,-3
11,36
9,-128
10,39
57,69
39,-71
51,39
53,-71
48,-3
1,-15
10,79
1,39
4,-2
11,15
6,-15
31,4
16,-29
30,-71
26,-19
3,-19
26,-29
47,21
55,-15
11,-15
9,21
39,10
23,-128
57,-3
40,69
15,-29
53,10
51,36
7,-19
5,-3
69,-29
1,36
1,-9
10,36
6,-9
18,39
11,4
32,-19
30,10
13,-15
26,-128
26,-3
6,-13
55,-9
4,79
47,69
9,69
23,-15
3,-2
33,-71
10,-14
25,15
102,-29
15,-3
16,-71
3,-128
7,-128
35,-19
10,21
2,-29
11,-9
37,-15
10,-15
21,-71
12,-29
22,-19
44,-2
24,-29
49,21
51,21
25,-29
69,-3
33,10
18,36
10,40
32,-128
16,10
13,-9
27,21
6,-3
37,-9
23,-9
3,79
12,-3
21,10
10,-9
22,-128
102,-3
25,4
24,-3
51,69
44,79
35,-128
10,69
2,-3
47,-14
18,-14
27,69
49,69
17,15
104,-2
17,-14
55,15
55,-19
20,-2
24,39
35,-29
6,15
60,21
2,-19
16,15
47,40
23,-2
48,-29
18,40
35,15
17,4
15,21
104,79
33,-13
17,40
55,4
55,-128
45,-71
63,21
20,79
24,36
35,-3
6,4
2,-128
43,39
16,21
23,79
2,-15
60,69
15,69
33,-3
9,-71
30,-14
16,4
42,15
11,-19
37,-19
75,-2
5,21
38,39
44,39
64,-13
41,15
46,-19
53,-2
35,4
45,10
63,69
42,21
43,36
20,-13
25,-71
2,-9
9,10
42,4
16,69
30,40
11,-128
75,79
5,69
38,36
64,-3
54,39
46,-128
41,4
53,79
12,-14
37,-128
13,-71
44,36
42,69
20,-3
41,-71
20,-19
23,21
7,-2
13,39
6,21
44,-15
34,-19
15,-13
25,10
13,10
54,21
1,-19
54,36
10,-13
20,-71
12,40
23,69
65,21
13,36
48,-15
6,69
15,-14
41,10
19,39
20,-128
40,-14
54,69
7,79
47,39
24,-2
1,-128
44,-9
54,-2
34,-128
62,21
42,39
7,-29
24,-19
15,40
20,10
19,36
13,-29
56,-15
40,40
65,69
47,36
24,79
48,-9
8,-29
54,79
42,36
24,-128
46,-71
18,-2
20,-15
52,39
14,15
58,-14
62,69
7,-15
67,-29
19,-19
56,-14
70,-2
56,-9
44,-14
24,-15
49,-19
46,10
2,-71
52,36
33,39
58,40
50,21
7,-9
35,-2
67,-3
20,-9
18,79
19,-128
66,-29
56,40
70,79
14,4
24,-9
49,-128
14,21
50,-14
2,10
33,36
50,69
44,40
4,-14
35,79
39,-2
66,-3
62,-13
20,15
28,21
45,-2
34,-71
27,-13
13,-14
4,-29
32,-13
14,69
21,-15
23,-13
50,40
72,-13
62,-3
12,-19
4,40
27,-3
9,39
34,10
39,79
31,-15
13,40
23,-3
21,-9
20,4
28,-15
112,-29
28,69
45,79
18,-19
32,-3
72,-29
12,-128
3,21
72,-3
16,-14
9,36
31,-9
2,39
28,-9
112,-3
30,15
13,-19
45,-14
51,-13
18,-128
22,15
28,-13
3,69
17,-2
16,40
4,39
2,36
103,-2
45,40
22,-29
16,39
22,4
7,-14
17,79
5,39
13,-128
4,36
30,4
8,-2
13,21
28,-3
10,-19
103,79
22,-3
2,-14
16,36
7,40
5,36
5,-29
17,39
17,-29
8,79
47,-19
46,-15
52,-19
17,21
10,-128
17,-13
2,40
3,-14
20,-14
13,69
17,36
17,-3
46,-9
11,-2
52,-128
43,-19
47,-128
17,69
1,-14
8,21
21,-13
3,40
20,40
54,-29
11,79
17,-19
33,-29
43,-128
4,-19
11,-13
44,21
26,21
1,40
39,39
8,69
12,39
40,15
17,-128
32,-2
9,-29
11,-3
31,-2
4,-128
44,69
54,-3
26,69
24,15
12,36
5,-2
40,4
44,-71
32,79
53,21
39,36
6,-71
1,15
24,4
14,-14
31,79
12,15
43,-2
53,69
5,79
31,-71
44,10
14,40
40,-71
6,10
54,-15
43,79
1,4
12,4
29,-14
31,10
68,-29
40,10
1,-2
12,-13
22,-15
54,-9
36,-71
58,21
40,39
3,15
12,-15
29,40
21,-2
24,-71
22,-9
68,-3
99,-2
64,-29
36,10
1,79
58,69
23,-71
40,36
3,4
12,-9
52,-71
21,79
40,-13
52,-15
24,10
99,79
26,-2
11,-29
8,-14
53,-15
23,10
28,15
52,10
88,-2
52,-9
40,-3
25,21
26,79
8,40
53,-9
16,-2
17,-71
28,4
88,79
20,39
59,-13
5,-15
14,-2
25,69
46,15
26,-71
21,21
19,21
16,79
17,10
20,36
5,-9
2,21
46,4
26,10
54,-13
26,-15
59,-3
21,69
19,69
14,79
88,-29
2,69
54,15
29,-2
65,-13
26,-9
54,4
66,-13
19,-29
88,-3
14,-71
41,39
29,79
57,15
48,21
49,-14
40,-2
62,-29
6,-19
14,10
19,-3
41,36
34,39
48,69
57,4
40,79
6,-128
49,40
25,-14
43,15
55,39
34,36
25,40
43,4
35,-14
55,36
29,-15
73,-2
37,39
53,39
29,-9
53,-29
35,40
37,36
53,36
61,15
73,79
60,-13
61,4
53,-3
57,-19
7,39
35,-15
36,-19
57,-128
60,-3
7,36
35,-9
36,-128
37,15
22,-13
69,21
37,4
15,-71
38,-15
50,39
27,-15
69,69
37,-2
5,-19
52,-14
50,36
27,-9
38,-9
37,79
15,10
5,-128
52,40
36,21
19,15
42,-14
54,-14
17,-15
44,15
19,4
32,-29
42,40
39,-15
38,-19
36,69
17,-9
54,40
44,4
56,39
29,15
85,-29
19,-15
39,-9
38,-128
9,15
37,-13
15,-19
29,4
19,-9
9,4
42,-71
37,-3
56,36
5,-71
85,-3
50,-15
23,15
25,-2
15,-128
59,-19
33,21
5,10
35,21
42,10
25,79
58,-15
59,-128
33,69
63,-19
50,-9
23,4
35,69
54,-19
58,-9
63,-128
54,-128
18,-71
33,-2
1,-71
21,39
33,-14
1,21
21,15
66,-2
18,10
109,-29
33,79
1,10
1,69
33,40
21,36
37,-71
66,79
31,-29
21,4
48,39
109,-3
12,-2
37,10
48,36
69,-13
56,-13
12,79
32,-71
56,-3
44,-13
46,-13
32,10
19,-71
44,-3
24,-13
19,10
39,21
24,-14
59,-14
27,-14
48,-19
61,21
24,40
39,69
59,40
33,-19
28,-14
23,39
48,-128
61,69
27,40
45,39
33,-128
8,-71
28,40
23,36
38,-13
68,-19
45,36
8,10
38,-3
68,-128
56,15
43,-15
20,-29
90,-2
77,-19
34,-2
56,4
43,-9
90,79
27,-19
34,79
77,-128
46,39
27,-128
6,-29
34,15
26,39
19,-2
19,-13
75,-29
46,36
34,4
26,36
77,-2
19,79
84,-29
75,-3
28,39
77,79
55,-29
84,-3
51,-2
26,15
28,36
55,-3
51,79
26,4
28,-2
49,-13
41,21
42,-13
70,-29
13,-2
45,-13
49,-3
28,79
41,69
70,-3
13,79
45,-3
5,15
59,-29
30,-2
5,4
32,-14
28,-29
26,-13
30,79
32,40
15,39
49,39
89,-29
15,36
27,-71
49,36
38,15
27,10
89,-3
38,4
82,-2
41,-19
52,21
70,-19
52,-13
82,79
41,-128
40,-15
70,-128
48,-2
52,-3
96,-29
52,69
67,-19
96,-3
40,-9
74,-29
48,79
34,-14
67,-128
29,39
34,40
29,36
74,-3
52,-2
52,79
34,-13
22,-71
64,15
34,-3
64,4
67,-13
50,-71
30,-15
22,10
31,-14
50,10
30,-9
64,21
31,40
22,39
85,-2
45,15
30,-19
64,69
2,-13
22,36
85,79
45,4
30,-128
36,-13
78,-29
78,-3
32,21
43,21
18,-15
36,-3
53,-14
32,69
18,-9
53,40
43,69
67,-2
47,-29
64,-19
5,-14
67,79
47,-3
36,39
101,-29
64,-128
5,40
101,-3
36,36
41,-14
63,15
25,39
72,-2
62,-2
41,40
25,36
62,79
63,4
9,-2
72,79
83,-2
61,-19
41,-2
39,-19
9,79
61,-128
41,79
38,-71
39,-128
83,79
22,-2
38,10
22,79
79,-29
34,-29
79,-3
14,-29
8,-19
38,21
8,-128
38,69
74,-19
36,-14
74,-128
36,40
38,-29
12,-71
97,-29
16,-15
60,-29
42,-19
44,-29
12,10
97,-3
29,-71
42,-128
16,-9
29,10
106,-2
67,21
29,-13
106,79
67,69
29,-3
76,-2
53,-13
76,79
41,-13
18,-29
32,-15
41,-3
56,-29
32,-9
30,39
30,36
6,-2
6,79
81,-2
16,-19
60,-19
65,-19
65,-128
81,79
16,-128
60,-128
62,-14
60,15
62,40
60,4
63,-29
57,-2
27,-29
63,-3
57,79
36,-29
23,-14
39,15
69,-2
37,-29
23,40
39,4
69,79
52,15
22,21
50,-29
52,4
22,69
25,-15
25,-9
40,-29
73,-19
41,-29
95,-2
73,-128
47,-71
95,79
60,-2
29,-19
47,10
60,79
29,-128
107,-29
107,-3
68,21
68,69
92,-29
92,-3
46,-14
75,-19
46,40
75,-128
68,-13
74,-2
74,79
59,21
58,-2
56,21
59,69
55,-2
58,79
48,15
63,-13
56,69
55,79
48,4
57,-71
93,-2
57,10
31,39
49,-29
93,79
55,-71
31,36
15,-2
55,10
15,79
55,-13
49,-2
49,79
20,21
20,69
58,-29
59,15
28,-71
59,4
71,-29
57,39
28,10
65,15
78,-19
71,-3
31,21
57,36
65,4
78,-128
31,69
45,-29
47,-13
51,-14
51,40
69,-19
87,-29
69,-128
87,-3
58,15
58,4
32,15
32,4
56,-19
56,-128
28,-19
106,-29
78,-2
106,-3
57,-29
78,79
28,-128
98,-2
46,21
47,-15
98,79
46,69
35,-13
47,-9
51,-71
71,-2
51,10
71,79
94,-29
94,-3
29,21
29,69
34,-15
61,-29
34,-9
47,15
47,4
39,-29
65,-2
65,79
86,-29
86,-3
110,-29
56,-2
110,-3
56,79
23,-29
76,-29
76,-3
49,-71
66,21
49,10
45,21
102,-2
45,69
66,69
102,79
60,-14
66,-19
113,-29
60,40
66,-128
87,-2
113,-3
59,-2
101,-2
59,79
87,79
92,-2
101,79
92,79
63,-2
63,79
45,-19
45,-128
100,-2
100,79
54,-71
54,10
35,-71
35,10
29,-29
38,-2
38,79
30,-29
27,-2
27,79
83,-29
83,-3
57,-15
57,-9
110,-2
110,79
59,-71
59,10
67,15
103,-29
67,4
103,-3
89,-2
80,-29
89,79
80,-3
80,-2
80,79
98,-29
98,-3
62,15
62,4
91,-29
91,-3
43,-71
43,10
64,-14
64,40
71,21
62,-71
71,69
95,-29
62,10
95,-3
108,-29
108,-3
57,-14
57,40
79,-19
71,-19
79,-128
71,-128
58,-71
58,10
91,-2
91,79
84,-2
84,79
99,-29
99,-3
48,-71
48,10
73,21
73,69
107,-2
107,79
93,-29
93,-3
108,-2
108,79
0,-32
31,-1
15,-10
25,0
0,8
0,-43
31,-47
3,-32
25,14
7,-21
10,-11
0,-44
0,-54
3,0
0,11
7,0
26,14
0,-74
0,20
13,-49
26,-26
3,74
13,-50
55,-42
0,5
6,-7
0,-22
0,-35
66,63
0,-10
15,-61
72,0
0,-51
0,1
15,-63
0,-89
0,103
29,18
0,17
10,-16
80,-14
15,-6
0,53
0,-40
0,49
3,-25
0,-52
3,60
0,27
48,-28
0,6
29,37
0,-55
0,14
55,-30
0,19
24,35
44,-80
0,-85
0,-91
3,30
0,-5
36,-50
66,29
5,-27
0,-75
0,22
23,100
0,16
72,-62
2,78
15,-28
34,16
31,-51
0,-63
35,-44
15,18
3,8
44,-47
80,17
0,12
17,-1
22,-37
25,53
48,6
0,-8
0,60
9,53
0,30
36,-66
3,-30
44,7
17,-31
29,51
3,32
0,29
5,3
0,-20
0,68
0,-11
0,-58
26,-62
17,-17
23,30
13,1
30,-6
27,-32
2,17
31,11
66,-30
0,-88
34,0
32,45
0,-42
15,19
35,28
0,51
15,-84
0,120
22,-20
25,20
0,-24
15,68
0,-7
0,-6
44,-36
0,74
0,35
24,-1
30,26
3,-42
9,-61
15,29
10,-5
0,-36
17,-34
7,-7
15,-43
0,-26
0,13
0,-61
0,34
3,-63
30,1
0,-34
0,63
29,-16
18,48
66,1
48,19
0,0
0,23
30,24
26,0
0,24
4,-63
15,38
44,26
0,-70
32,-70
13,103
26,-23
36,56
18,16
5,13
24,-17
0,56
0,55
55,-28
10,-32
23,48
4,5
2,-63
31,-5
26,18
6,-55
8,7
34,-23
0,37
10,35
10,-21
35,-32
66,-80
2,23
3,19
25,-28
15,17
22,7
48,29
72,30
3,6
2,-8
44,1
7,30
0,-27
4,27
1,-62
0,-28
0,7
0,3
12,3
80,100
5,-8
26,32
0,-17
0,-77
23,16
13,3
0,78
12,-18
0,-47
55,6
2,5
66,-7
29,16
34,18
0,-37
6,30
0,76
35,-21
15,0
42,-7
66,7
0,-31
15,28
0,-72
42,-40
27,-37
72,32
24,-42
4,-6
0,-62
0,-30
10,17
25,-54
0,-18
15,60
0,45
5,-72
80,30
5,51
36,11
44,27
48,-32
17,-42
17,-21
66,-40
0,-56
29,0
44,29
15,-54
0,28
17,-58
3,-7
0,2
36,38
5,-10
27,-20
31,-89
0,-82
24,-21
23,-23
15,-16
2,-41
15,-26
30,-30
31,-88
10,2
25,-6
15,-82
32,-42
15,-32
3,-26
0,-25
22,23
0,-49
0,-84
3,29
3,-28
9,20
30,29
7,-36
0,18
17,-26
7,-55
3,28
10,-1
5,17
0,-80
0,-21
13,-8
23,-22
18,-22
0,-60
26,30
2,3
66,3
18,-23
29,-5
4,3
13,-27
32,23
0,48
35,-28
4,-41
15,26
15,-21
0,100
0,38
22,22
10,-28
0,-23
4,-8
24,-83
8,22
0,-87
55,19
0,-46
10,-17
2,-23
0,46
6,-24
8,23
15,-44
1,-87
15,34
2,16
66,26
66,15
1,1
12,46
0,65
15,48
36,-54
0,-81
44,-54
80,48
55,29
24,29
3,-78
6,-36
5,27
31,3
10,-99
23,-17
29,-23
15,2
2,-39
25,-82
25,48
3,-43
42,3
34,-56
48,42
5,-81
35,-74
27,7
22,14
7,-49
17,29
44,2
80,16
25,26
0,-57
3,-23
26,28
5,38
36,-84
5,-22
0,-99
13,17
23,32
17,-83
2,19
9,3
0,-76
0,-1
34,47
15,42
17,-77
66,-4
22,32
15,-5
4,-23
30,2
0,44
15,-12
30,-7
25,-43
0,-79
44,-17
0,-41
32,76
24,24
9,-18
18,32
17,-37
10,-10
7,-24
30,-54
4,19
36,48
0,26
26,47
15,-55
10,-42
0,-78
30,-40
48,-49
32,-30
0,31
8,32
13,13
31,-36
18,-17
44,41
29,17
15,-99
2,-21
4,-39
1,44
26,-56
23,80
3,42
48,-6
2,-18
7,35
12,-41
55,-32
10,-74
34,46
8,14
6,-56
35,48
3,17
29,2
13,-22
5,26
22,-8
2,-57
0,32
4,23
0,73
2,32
72,-7
1,38
0,92
0,47
34,14
35,38
25,-55
12,-54
6,-49
80,-23
4,-21
0,-38
0,41
72,28
0,25
42,-4
80,-22
24,38
66,46
27,23
0,-65
36,0
25,-12
15,22
36,-55
15,-24
5,-79
3,7
17,-32
48,50
44,18
17,24
31,30
31,-10
27,22
3,-17
5,11
3,-6
25,60
23,-54
0,-16
7,22
44,30
4,32
30,3
34,13
26,17
9,46
35,-53
13,26
32,48
15,-49
10,38
7,-56
17,-10
18,8
0,-97
4,-22
8,-20
0,-50
30,41
2,-38
26,-7
10,-63
0,9
10,-83
1,41
8,17
0,42
13,-10
4,-38
32,65
1,27
12,25
18,80
12,-85
15,-11
4,-18
10,29
0,-66
26,46
24,8
42,46
42,-63
10,48
36,22
29,-99
25,-66
8,-8
6,-58
25,22
15,14
4,16
5,6
3,-44
2,73
66,-54
17,-11
48,0
1,92
29,-10
72,-78
55,42
44,-74
6,35
15,74
5,-50
80,-17
12,-35
66,2
15,-42
23,5
6,-21
16,0
0,-39
2,-35
72,-23
4,-43
30,63
34,-10
72,14
29,-56
35,-61
13,-32
22,1
80,8
42,7
80,32
4,49
27,14
36,26
42,-54
26,37
29,47
27,17
4,-49
5,20
0,-83
2,27
8,8
17,38
27,32
31,-46
66,-22
44,19
78,-22
9,-85
9,-54
12,53
17,-75
69,10
15,-50
25,34
17,-76
22,-63
30,-63
44,37
42,-6
32,12
9,-41
30,-4
15,7
10,18
25,11
15,53
7,-58
5,35
15,50
32,-51
48,-30
0,-12
13,-85
26,-78
30,7
3,-62
13,27
32,-47
10,24
5,1
15,-25
23,17
17,-63
16,60
34,51
18,-54
30,-80
4,60
35,68
22,-32
15,-74
26,13
18,100
42,29
4,78
55,-49
10,-53
26,16
4,-10
4,-57
10,-44
8,-23
6,31
8,-37
78,-41
66,41
2,-97
16,20
69,-14
66,24
55,-6
4,74
1,-50
6,22
15,56
13,-42
20,16
80,80
12,9
72,17
42,63
42,-30
0,-4
29,46
25,-84
4,103
80,-9
17,3
5,-7
36,-12
27,-8
78,49
29,14
69,37
25,-11
16,-82
22,17
4,-26
5,-66
31,-62
2,-83
13,29
17,8
3,-46
16,34
20,27
42,1
9,-35
25,-16
9,34
17,20
4,17
8,-22
13,53
9,25
3,-49
78,3
7,31
17,51
8,-17
22,-28
78,-39
17,-6
69,-56
30,46
20,-23
22,-74
32,-65
30,-74
20,-57
20,-74
0,80
13,46
13,-54
24,-32
18,5
24,-54
4,-35
17,-4
16,-6
26,-10
4,73
4,-25
55,50
10,-61
2,-51
13,-28
4,-12
8,1
6,-38
2,24
42,-80
16,-16
72,-17
13,42
4,-27
9,-16
3,14
42,2
8,100
42,41
80,-54
12,-52
5,-49
78,78
23,8
69,16
8,80
29,13
2,-22
78,-18
22,-44
78,19
69,46
42,-22
0,-53
69,47
22,48
20,-8
35,-63
20,73
25,-50
20,48
31,6
20,-21
5,22
13,-35
44,35
25,-24
13,-41
9,9
24,-35
17,7
17,42
3,50
17,-30
7,-38
2,12
4,48
15,-30
26,-17
32,-5
66,-63
2,38
13,11
16,-24
4,7
15,-66
13,50
9,-24
10,8
16,-43
0,50
13,-6
24,-11
4,11
15,-53
18,17
13,19
8,-54
78,-15
4,26
69,13
4,-97
15,20
42,26
26,51
22,-53
78,32
10,68
55,0
20,-97
69,14
48,-42
4,13
20,-53
8,-32
6,0
22,38
8,48
66,-74
13,9
78,-63
20,-38
44,63
1,120
72,-26
14,35
69,-23
24,9
5,103
13,25
12,-61
80,5
20,23
2,-5
2,49
36,-11
17,46
4,-11
34,37
42,24
2,8
35,17
16,14
3,-47
4,-44
27,1
2,-32
13,0
3,-1
25,56
9,14
42,-74
17,-7
5,55
9,0
2,29
4,-50
44,-40
17,35
8,5
3,-36
9,-52
78,-35
69,-10
17,6
22,-61
9,-6
15,8
66,-6
30,-22
20,-61
15,6
32,-91
26,24
13,-52
15,11
20,-63
17,-22
14,-40
24,-52
18,-16
14,19
24,-85
18,30
30,-49
2,-91
26,-1
10,28
48,41
16,53
13,-30
4,-66
2,-6
3,-51
24,80
11,38
2,-11
3,11
4,1
14,37
12,20
65,48
24,-41
69,51
31,-8
22,68
7,7
21,73
18,50
43,92
2,-47
13,-61
20,68
25,38
64,7
4,-55
5,-34
66,14
14,-36
20,17
65,38
2,-1
55,7
24,-61
31,-20
16,48
21,-38
80,13
28,20
43,41
14,-47
2,-70
16,-28
63,-53
24,53
26,38
4,56
4,8
29,7
7,-10
13,6
2,35
3,-5
2,45
18,-24
20,-50
9,-28
10,7
55,46
8,30
30,50
78,17
80,-21
3,-89
69,0
16,22
47,-54
22,28
19,42
48,7
28,-10
20,-6
11,-32
54,29
20,38
13,20
20,28
66,13
17,1
27,-66
76,10
65,-53
7,-43
11,8
31,7
14,18
20,-44
18,-32
24,20
21,-97
24,25
43,-50
64,-54
14,27
4,38
7,-44
18,0
2,-17
42,8
2,-65
3,-88
2,-75
4,22
2,-42
64,-74
4,-84
80,10
8,16
16,-11
78,5
26,-32
63,-63
69,18
28,-66
22,-21
26,8
42,5
63,-66
9,-43
80,-10
10,-43
18,14
13,-18
63,-61
30,-32
30,0
29,1
19,-75
17,-40
48,-54
48,-74
14,-17
54,-63
24,-18
20,-32
17,-66
80,-7
24,5
27,6
19,6
47,63
2,-30
66,10
24,3
11,-11
4,-54
66,-10
65,-63
54,-22
65,-61
31,17
31,1
3,3
80,0
2,76
47,-74
17,-50
4,0
9,-82
29,-26
43,27
7,74
76,37
18,-42
17,17
3,-10
76,-10
17,-61
64,63
9,60
7,27
55,-22
55,-63
7,60
20,-28
16,-50
18,-30
2,6
16,-66
28,22
2,-31
28,6
80,37
64,29
14,30
63,17
26,-11
24,46
63,-50
18,53
63,11
42,17
2,65
10,60
7,18
18,20
10,74
80,51
30,-42
80,4
63,68
47,29
19,-31
29,-62
29,-32
7,-16
48,63
2,48
54,-6
24,17
20,120
76,51
17,68
66,51
17,11
65,68
80,-55
27,35
11,63
31,-32
66,37
47,-80
19,-34
6,103
65,17
29,30
43,120
2,-34
28,53
54,24
49,49
21,27
61,17
7,-25
63,56
17,56
11,29
36,27
18,-28
76,16
27,55
6,1
55,24
46,-47
11,35
17,-44
10,53
64,-80
49,-31
16,56
34,-20
61,68
7,-8
28,55
7,-32
48,45
26,35
38,11
47,7
42,100
29,32
7,8
46,-36
16,11
18,6
49,-34
28,35
2,-58
63,-44
76,0
17,28
48,-70
28,-6
29,-37
30,6
38,56
7,-6
18,-6
63,-84
42,30
10,-25
2,-26
11,-80
28,-28
30,-28
24,30
6,-27
19,-58
63,28
63,38
48,-80
49,78
11,7
66,0
7,-5
29,-20
54,-30
65,28
61,-44
6,3
7,-37
36,-8
21,-6
17,-84
24,100
49,17
27,-7
46,27
61,28
80,-36
80,-24
66,16
7,-20
11,-1
49,-58
47,1
36,-6
19,-26
47,26
65,-44
31,-37
10,20
54,1
38,-84
21,-8
55,1
49,-26
76,18
34,34
7,-63
18,19
16,38
48,23
38,38
28,-34
76,-23
27,-34
28,-43
64,26
11,-17
2,-37
11,26
7,23
42,48
6,13
63,-54
10,19
16,-84
49,-63
7,19
28,-7
11,1
18,29
61,-32
63,-32
7,2
48,1
2,-77
6,-8
36,23
64,1
49,5
80,-49
10,3
24,16
18,-43
49,-77
61,-21
29,28
34,7
42,16
63,0
66,18
30,19
48,76
65,-21
38,0
19,-77
46,-17
80,18
10,-18
48,26
17,-28
49,-37
63,-21
54,-7
7,-23
43,-62
7,17
28,60
24,48
17,0
38,-54
20,-62
2,-10
27,-72
66,-23
11,-42
80,-56
55,-40
65,-32
6,-10
63,48
19,-37
28,-82
49,-41
16,-54
29,-7
21,23
28,51
54,-40
7,-99
26,-21
36,16
17,-54
46,18
6,17
80,35
27,51
76,-14
18,-82
47,2
49,-21
49,3
34,-60
10,-26
11,-21
61,-28
55,-7
48,48
38,26
42,-23
7,16
76,47
36,-23
46,30
28,-72
7,-26
10,46
26,-42
49,-10
24,-22
28,34
34,49
29,23
48,65
38,48
20,1
65,-28
18,60
11,-54
31,22
63,-55
6,27
21,-23
63,26
43,-87
49,-39
19,-21
61,-74
7,14
54,3
36,-57
63,-28
80,22
11,2
29,22
24,-23
17,26
10,-54
6,-22
27,38
49,-76
20,-87
66,-14
11,-83
49,19
28,-81
48,-51
76,14
38,-12
61,-14
80,-58
26,29
31,23
7,32
19,-10
21,16
36,-21
29,-78
43,1
46,37
10,-41
2,51
28,-16
30,42
34,20
17,48
27,-81
76,-56
63,22
48,-47
48,2
11,41
38,-55
17,-74
55,3
42,-17
24,32
49,-18
28,0
7,-57
16,26
28,38
66,47
61,48
26,-83
63,-74
65,-14
31,32
18,42
36,73
21,-21
2,-76
43,44
49,-22
18,34
64,2
10,-35
6,26
49,20
61,-63
34,22
49,32
36,79
19,-76
48,12
63,-12
42,32
61,38
46,19
10,-85
36,-38
49,-75
54,-4
80,47
16,-55
63,-14
10,25
17,-12
38,-66
49,51
27,-79
66,-56
11,24
28,-24
20,44
65,-74
48,-65
38,22
31,14
20,-89
80,31
21,-57
69,-16
47,41
43,38
20,-1
8,35
18,-49
18,-25
20,-5
6,11
64,41
17,-55
10,6
61,-53
76,46
55,-4
6,14
36,-97
42,80
6,32
16,-12
46,35
7,73
28,-79
80,46
10,9
49,42
33,17
29,-8
33,-20
9,27
33,-37
48,-5
25,-1
38,-11
20,92
2,20
9,-5
28,14
19,20
16,19
8,6
8,-34
54,7
8,-11
11,-74
20,11
20,-88
80,14
6,-50
8,-7
49,13
27,20
18,74
49,-35
8,-1
61,-61
7,1
20,41
69,-5
25,-17
46,-40
18,-63
80,-38
10,-52
49,6
19,51
29,-17
48,-91
54,46
9,-62
38,-50
16,29
48,3
17,22
27,-10
76,13
17,-53
50,-7
49,-8
29,76
33,7
8,51
7,-97
10,0
8,-21
20,3
69,2
25,-42
18,-26
21,-83
2,42
9,17
28,-62
1,-41
6,28
2,60
5,34
16,-32
48,-18
28,23
63,-11
8,-72
59,-54
4,29
8,-42
33,22
20,-78
20,-10
50,-40
69,17
9,-87
29,-30
22,-17
20,-39
21,29
60,-56
1,3
6,48
25,-21
18,-99
15,-57
13,38
2,-46
5,-6
8,-81
9,2
8,29
20,-36
61,42
69,-99
28,1
37,-4
11,46
59,2
10,42
6,-23
21,24
1,-39
33,23
8,-56
50,3
18,-10
9,1
20,19
29,48
5,-16
6,65
10,26
60,47
61,-49
33,32
9,44
59,41
25,-83
20,30
2,-36
22,80
6,-51
13,44
20,-18
28,-87
60,46
8,38
16,-41
8,-83
2,-62
48,46
15,73
20,-46
13,92
16,-35
49,27
10,-6
29,65
37,7
2,80
1,-18
1,19
21,-1
25,29
8,46
6,-78
21,38
8,47
28,-8
18,-5
9,-99
28,32
5,-24
9,41
2,-43
61,50
11,-35
61,-6
16,42
59,7
33,14
20,-17
4,2
11,-41
6,12
9,38
22,-54
60,13
8,-10
50,-4
25,-32
29,-51
15,-97
9,-10
10,-12
20,32
6,-47
60,14
16,9
25,24
37,29
8,-79
2,30
15,-38
49,-49
8,24
2,-54
28,44
13,41
8,13
21,8
48,-41
16,-49
28,7
16,25
5,14
28,27
4,41
10,-49
26,19
61,0
11,9
48,-85
37,46
29,-47
59,-74
20,-26
10,-55
50,-63
6,-5
29,12
22,5
10,-66
20,-35
60,-10
1,32
33,-8
2,74
28,-20
16,-42
16,-52
28,92
9,92
4,63
37,-22
48,-35
49,103
7,-54
11,25
50,7
49,26
1,-35
18,18
5,53
26,-47
48,53
6,-65
70,-22
8,20
61,-30
82,10
59,29
50,-6
20,6
11,-52
29,45
21,-32
10,11
28,41
60,51
18,7
2,7
10,50
5,0
16,50
48,25
6,-91
2,-25
4,-85
13,120
16,-61
6,-17
4,-80
50,46
49,11
29,-65
49,-27
31,-63
37,24
10,22
20,14
21,35
22,8
20,-22
5,-28
26,27
60,10
9,-50
61,6
28,-50
50,-30
29,-42
10,-84
48,9
28,-32
22,30
60,0
7,63
16,-85
11,-61
50,29
8,-66
1,-22
6,-70
37,-63
20,-47
70,49
69,-15
25,8
37,1
82,37
7,41
28,17
18,-44
21,-17
10,80
21,-11
70,-18
2,-44
82,46
11,-85
6,-26
24,-8
61,29
4,-74
4,53
59,1
1,17
20,0
8,0
61,-42
49,-50
22,16
20,5
59,63
31,-6
33,1
60,18
11,20
15,-8
2,11
13,-62
20,49
16,-18
6,23
60,37
37,-40
13,-16
26,-40
2,-88
48,-52
15,27
70,-15
82,13
4,-53
18,2
50,-22
24,7
20,-51
5,-82
7,-80
29,-91
1,49
10,-50
4,9
8,37
1,5
37,-6
10,100
10,-30
8,18
31,29
70,78
22,-22
82,16
9,18
6,-62
24,-37
15,-23
11,-18
13,-87
11,53
16,-30
16,46
6,-30
7,-74
33,-32
6,45
49,1
10,5
9,120
70,-35
82,-10
4,-61
59,-80
31,-30
13,-5
24,1
2,-89
22,100
4,-52
20,78
28,120
60,16
31,-22
8,55
22,50
26,-36
70,32
48,-61
82,14
80,7
53,-17
24,-20
13,18
50,24
4,25
2,100
29,-70
20,7
7,26
10,56
1,78
41,-97
31,46
80,-50
7,29
25,35
22,42
37,-30
28,-37
70,-63
82,51
4,68
82,-23
4,-32
16,6
53,14
22,0
31,24
5,-43
80,-74
6,-42
53,-26
61,19
3,-50
17,5
80,27
31,-7
59,26
8,19
22,-75
8,-40
22,6
10,30
70,17
60,-23
82,0
48,20
4,28
15,23
50,1
4,20
22,-42
4,18
1,-63
80,63
16,3
53,0
22,-30
3,103
80,29
53,-62
3,1
37,-7
10,-23
70,-41
11,3
82,-14
41,27
6,76
24,23
80,120
8,-47
21,-42
8,-36
22,-31
10,16
22,-34
70,5
5,60
82,18
20,-7
31,-40
4,-16
22,-23
20,-41
53,32
17,30
13,2
80,-80
53,30
3,-27
20,-20
15,16
17,100
41,-6
80,40
10,-22
20,-37
70,3
22,-26
41,-8
8,34
80,-71
4,-28
8,27
24,22
22,-58
37,3
70,-39
4,46
82,-56
22,29
24,14
4,-5
80,1
3,-8
22,19
17,16
13,-99
80,26
31,-4
3,13
80,-62
10,32
70,19
82,47
41,23
80,39
22,-77
53,28
20,22
53,-7
41,-23
80,-87
17,-23
22,-10
8,49
41,16
8,-60
4,-99
80,2
53,-23
3,-22
17,32
41,-21
53,-78
80,44
3,27
41,-57
80,38
22,-76
22,-6
80,-13
53,17
3,26
22,-49
80,41
41,-38
17,80
22,51
41,73
80,92
22,20
5,18
0,58
56,11
0,86
0,-67
56,64
24,-44
14,20
7,-22
14,62
24,-10
30,-21
0,54
30,43
27,72
27,60
36,-32
7,-40
36,77
56,48
0,72
5,-17
0,96
56,-1
14,54
0,64
0,75
14,96
30,-12
0,62
5,-32
24,43
56,-32
27,-25
24,-12
27,86
24,2
24,77
36,2
56,77
36,-35
5,-67
14,75
0,77
56,2
0,-112
14,60
0,-69
24,-88
56,-35
5,86
36,-88
14,1
56,-88
0,-113
30,-75
7,56
5,72
24,-75
21,-10
24,58
56,58
7,34
14,86
30,-44
27,18
30,-10
36,58
24,11
5,-25
26,55
26,75
24,64
21,43
0,43
27,-17
21,-75
26,-112
36,64
5,7
22,-66
24,-66
65,58
22,18
27,-67
36,-1
21,-44
65,64
26,7
2,43
21,3
24,18
22,-67
24,-67
28,-17
73,64
22,72
73,11
24,72
21,-12
2,-12
14,48
65,11
26,-35
16,54
22,60
22,-25
24,-25
65,2
28,-67
73,48
73,-1
22,86
65,-1
14,-32
14,-1
65,-88
16,96
39,3
39,-12
28,72
73,-32
29,3
24,60
14,77
73,77
23,-50
22,77
65,77
14,2
16,75
43,75
26,-25
23,50
22,2
43,60
14,-35
22,-35
28,-25
23,2
16,1
73,2
28,86
29,-75
39,-75
24,86
23,-69
73,-35
65,-35
22,-88
14,-88
26,-66
22,58
23,-113
23,37
73,-88
43,86
29,-44
23,28
14,58
22,64
73,58
26,-8
43,62
29,43
22,11
23,25
16,86
39,-10
26,-67
43,20
39,-44
29,-21
23,24
28,18
43,54
14,64
22,-1
26,86
26,72
14,11
43,96
16,62
29,-12
39,43
23,45
26,60
39,-21
21,-88
30,-66
7,58
30,18
30,64
21,58
30,11
3,34
15,-47
30,-17
21,11
7,64
30,-8
7,11
30,-1
30,48
21,64
3,-40
7,43
28,-35
7,-1
30,-67
30,77
7,48
7,-12
28,75
15,44
21,48
21,77
30,60
7,77
30,-35
3,56
62,27
30,72
38,58
21,-35
30,86
7,-35
7,-75
7,3
28,-112
62,38
38,64
15,30
30,58
38,-32
27,43
30,-25
62,-7
27,3
21,2
30,-88
62,55
62,-35
3,-56
38,2
38,77
7,-88
62,-112
62,75
38,-88
38,-35
27,-75
27,-44
62,7
27,-21
62,-10
38,-1
27,-12
0,-104
22,27
22,-104
0,59
17,-106
0,-106
29,-92
17,59
29,80
0,-92
33,-92
23,-78
33,80
21,-60
21,-78
28,-60
23,-60
28,-78
50,-104
50,27
3,-60
32,-60
32,-78
4,80
1,-104
4,-92
11,73
3,73
35,-92
11,-22
35,80
25,-22
6,-60
10,-104
18,-60
71,59
10,27
25,73
10,73
18,-78
71,-106
2,-78
2,-60
22,-92
5,-92
5,80
14,-60
11,59
31,-60
20,-92
31,-78
11,-106
14,-78
45,-104
45,27
20,80
44,-60
42,-104
42,27
45,59
44,-78
45,-106
27,-60
69,-60
27,-78
69,-78
61,40
97,-2
36,-2
97,79
79,-2
79,79
58,39
58,36
59,-15
59,-9
51,15
51,4
76,-19
76,-128
61,-2
61,79
114,-29
114,-3
109,-2
109,79
86,-2
86,79
73,-13
111,-2
111,79
72,-19
72,-128
46,-2
46,79
81,-29
81,-3
61,-71
61,10
105,-29
105,-3
90,-29
90,-3
96,-2
96,79
71,-13
68,-2
68,79
63,40
70,-13
112,-2
112,79
65,40
6,-32
6,8
13,-11
14,0
35,0
23,-74
5,-42
17,-51
12,18
46,-10
3,-61
36,1
11,103
5,-30
24,-16
18,49
61,-40
9,-25
6,6
67,17
6,-28
36,17
61,-55
67,68
9,-32
63,-80
7,-50
104,27
17,120
32,30
58,-36
58,-47
33,-61
33,53
11,-34
33,100
9,8
6,-75
11,-31
36,24
16,-70
14,-30
64,-5
95,16
61,30
6,-44
63,7
7,55
23,29
16,45
13,35
32,32
7,-66
17,-5
64,10
33,30
6,-11
46,51
3,68
27,26
95,0
17,-89
104,120
12,-16
61,-36
6,-34
14,-42
68,0
35,-7
67,28
23,63
9,-20
48,-84
16,16
9,7
1,23
33,20
11,-26
11,-27
14,6
24,-5
35,30
18,78
48,38
16,23
1,-8
23,7
3,-34
15,-77
9,-63
7,-34
29,27
67,-44
13,-17
1,-17
6,19
104,-3
17,-88
9,-37
61,-24
61,-47
46,0
1,76
15,-37
36,-20
6,-31
5,29
29,-6
9,19
104,40
58,27
6,29
1,-30
33,48
11,-8
11,-58
63,1
64,17
95,-23
32,0
36,-30
67,-21
7,38
33,16
17,-62
58,-17
95,18
3,-82
33,-18
27,29
13,-1
11,-37
68,-7
14,29
36,-40
35,-36
12,-5
14,-28
23,1
16,-23
35,-55
7,51
23,-80
68,28
13,-21
5,19
12,2
16,-22
10,-82
3,-21
9,23
3,-72
1,16
104,-62
11,13
46,16
61,-17
3,51
1,18
11,17
9,22
6,-37
36,-37
1,-23
18,3
67,-28
67,-32
15,-60
104,-71
1,30
61,27
61,-56
9,-26
17,-87
1,48
58,30
63,29
33,46
15,49
32,-7
11,-10
33,3
32,28
1,65
16,65
33,-23
11,-77
35,-49
7,-81
7,-84
33,-22
95,-14
17,-36
36,-7
12,-99
6,-1
16,76
64,-99
5,42
7,-72
27,-54
104,-87
68,-78
12,17
35,-24
16,-17
27,2
67,-14
23,26
9,32
68,-23
17,44
58,37
16,32
33,-41
3,38
1,-57
3,-81
46,-23
16,-47
36,7
14,42
35,35
24,-99
18,-41
1,-21
15,-76
104,39
1,37
6,42
61,-58
61,35
46,47
6,-77
1,-51
63,2
36,32
32,-23
58,18
104,44
61,37
33,-17
1,-47
67,38
64,-10
95,47
95,-56
3,-16
36,3
17,41
6,-74
33,25
11,51
36,46
27,41
13,-83
16,-65
68,30
17,-46
35,-56
14,-6
35,22
10,34
16,80
68,17
48,-55
46,14
48,-12
9,-8
32,14
3,-79
29,-38
1,73
33,8
104,41
11,27
61,18
95,10
6,-63
6,51
18,-39
104,1
1,-38
6,-6
67,-74
61,22
61,31
1,12
32,17
12,-10
63,41
15,51
48,-66
33,-54
95,14
1,-65
11,-76
6,38
11,-49
6,-83
9,74
95,46
36,-4
3,-24
61,-7
12,-32
16,-51
67,-63
63,63
17,27
7,-79
58,19
13,24
33,-85
95,37
11,-75
68,-17
35,-58
36,-63
16,12
48,22
7,6
46,-56
48,11
12,-42
3,20
3,35
1,-97
3,-74
36,14
1,35
29,-57
104,38
18,-18
12,-21
61,-9
67,48
47,27
68,14
6,50
20,2
6,-76
61,-38
1,-5
16,8
17,92
32,-17
33,-35
5,16
32,-66
48,18
6,24
64,-15
95,13
6,-53
12,-11
37,-28
15,-75
5,-23
32,26
7,20
47,-87
48,30
14,-49
27,-74
12,-83
35,31
68,-26
23,41
16,5
10,-24
12,29
5,50
20,-99
46,46
48,-11
3,-66
3,48
8,42
42,-56
42,37
11,11
37,-74
37,17
29,73
1,-40
27,63
5,-57
104,92
47,38
42,47
9,-44
67,-53
6,20
5,-21
47,44
1,-91
48,37
32,-12
32,-26
58,35
12,24
33,9
33,5
11,42
32,-55
32,11
64,18
8,-49
12,-1
95,-10
15,-31
3,53
36,29
6,-61
15,-20
16,-5
1,45
8,-6
3,80
20,-16
14,50
13,8
35,-38
37,48
68,-62
17,-47
8,-28
5,73
16,17
47,92
42,14
10,14
64,-16
37,38
5,-38
46,13
3,100
3,-53
48,-50
3,22
27,-80
29,-97
12,38
11,-50
1,-36
32,22
37,-44
104,-50
16,100
18,-35
15,-34
8,50
67,-61
48,27
1,-70
3,-54
7,-11
1,-49
32,-62
58,-40
42,13
37,-53
33,-52
15,-58
39,-63
11,6
5,-97
32,-84
47,-50
48,35
95,51
36,-22
1,-42
4,-83
6,68
16,-91
45,-85
13,-63
32,-11
68,32
2,-66
12,8
16,30
4,-58
7,-78
4,-7
1,-6
48,56
3,5
3,55
4,35
1,103
42,-10
37,-61
37,-32
39,-74
39,17
5,23
11,31
48,-40
45,53
45,-54
13,-4
11,22
32,-50
27,48
45,-41
4,24
20,18
2,-24
1,7
2,-55
8,-30
4,-1
1,-27
45,-10
4,31
36,25
42,51
37,68
24,-53
2,-49
39,48
1,26
18,-97
47,120
2,22
48,-36
2,-84
42,35
11,-38
46,-63
39,38
45,-35
2,0
1,-43
32,56
13,7
4,-24
45,25
47,-85
12,35
27,-53
1,-54
77,-75
1,13
44,16
45,-63
39,-32
2,14
42,-66
1,-44
36,9
24,-63
9,-11
45,3
1,-74
13,-7
7,-17
42,0
42,19
1,11
37,28
4,-42
49,-7
39,-53
15,1
18,12
2,103
4,-56
4,6
27,-63
11,0
1,-10
45,9
46,17
32,38
1,14
23,27
12,-17
36,-85
1,74
18,-91
15,-7
47,53
27,-61
1,63
77,-31
44,-20
45,-6
2,26
2,53
42,11
1,60
36,-52
3,16
65,-89
42,18
65,-47
1,29
45,-16
18,27
37,-21
11,-7
14,14
2,-50
42,-47
47,-62
49,0
48,-17
49,-55
1,-20
39,-61
24,68
7,53
18,45
2,-27
46,-61
32,-54
42,-36
45,-52
7,-47
46,-44
47,-52
36,53
77,6
44,14
23,-8
45,-22
1,-25
18,-70
42,-50
27,68
4,55
77,-58
1,-80
65,-51
11,74
45,18
14,53
45,-30
28,63
2,-28
42,-84
36,-61
1,8
2,1
9,-1
11,-55
41,49
7,-62
47,37
18,-8
45,-5
46,68
14,-43
2,56
39,68
47,-61
49,-24
77,-34
45,-61
45,24
24,28
3,-31
7,-28
42,56
2,13
49,-20
9,35
33,-6
65,-5
11,30
46,-32
49,30
1,34
23,23
4,30
14,-16
18,23
11,-25
46,28
47,3
27,28
4,-34
77,-77
23,-6
8,-55
39,28
28,-80
47,20
45,-7
77,-26
44,34
32,100
45,20
45,1
36,20
41,78
11,-24
42,38
47,16
9,-42
15,-36
9,-17
65,-10
45,17
4,-17
49,-36
3,-58
4,-36
49,-56
33,-30
46,-21
18,76
24,-7
4,-72
11,-36
47,-18
77,-37
14,-5
45,-18
45,-40
11,-63
13,-40
9,-21
8,-24
65,3
45,2
28,26
15,-56
14,-82
4,51
77,-21
41,-63
11,-56
2,-82
47,-23
7,28
36,-18
1,-26
1,-32
46,-28
9,-83
39,-28
65,-46
3,-77
14,34
49,7
47,46
33,-7
45,46
77,-10
44,49
24,-72
1,-60
24,-28
14,17
9,29
7,-82
11,60
65,-36
45,-99
28,29
49,35
46,-74
41,-41
2,34
23,-57
18,65
47,51
4,-81
27,-28
23,-21
1,68
49,-60
77,-76
47,-41
4,120
45,-4
77,-14
29,-36
44,20
42,-12
42,-55
33,24
9,24
24,-74
15,35
65,30
8,-58
65,-62
24,55
1,2
28,-54
18,-57
49,22
41,-39
47,-56
49,31
46,38
15,32
3,-76
18,-51
18,-21
41,17
23,-38
47,0
33,-4
1,28
4,-79
47,25
2,-20
77,51
24,-79
46,48
1,20
14,-10
42,22
23,73
2,-16
49,34
18,-47
15,31
24,-34
47,-35
8,31
11,-43
77,20
44,22
45,7
73,-80
11,19
32,8
7,37
32,80
41,-22
72,-27
36,-41
41,-18
4,100
32,16
65,6
30,16
41,5
29,19
18,73
23,-44
47,18
14,-24
3,-75
49,16
4,92
33,-63
4,-62
49,-38
24,6
1,22
3,-37
5,-58
33,-40
18,-38
23,-42
24,51
34,-84
6,-43
46,-53
1,-1
73,7
53,26
23,-97
72,3
18,-65
51,-63
32,-22
47,9
41,3
78,-23
42,-24
77,42
8,-38
1,-28
73,26
16,-36
53,1
45,29
72,13
4,-87
23,-10
42,-11
47,13
1,-53
51,5
30,-23
23,-32
78,18
5,-26
24,-81
6,-72
29,35
17,34
30,23
23,3
14,-99
6,60
33,29
34,38
5,-77
16,-56
53,29
28,2
1,-7
29,-49
23,76
51,-41
41,19
11,-44
78,-14
47,47
28,-74
4,44
32,5
73,1
41,-35
47,-10
1,-61
72,-8
6,-82
29,-40
73,29
49,14
72,-10
6,34
23,-46
16,-58
53,-54
51,3
51,-39
5,-37
41,32
78,-56
29,-58
47,14
23,-36
23,-30
41,-54
34,-54
17,-60
38,-56
34,26
13,-12
9,-74
6,-79
19,-57
1,-83
102,38
94,-9
13,48
6,-16
4,-76
6,-81
42,-49
4,-4
22,-43
55,-51
16,31
3,-12
53,41
42,-21
42,-58
73,-54
51,-18
72,-49
78,46
72,27
17,-49
1,-12
23,-63
16,35
41,41
23,-28
53,2
30,-56
23,-62
38,46
5,-75
30,-57
1,-55
19,73
51,19
102,92
78,47
23,12
34,-66
17,49
29,31
5,-76
5,32
1,-11
23,65
55,12
1,-4
34,48
16,-38
23,-51
53,7
22,74
34,-12
73,63
1,24
6,7
78,13
9,48
72,103
17,50
41,7
30,37
13,-55
30,27
38,13
42,31
73,41
19,-97
72,-22
5,-31
102,-50
94,35
17,-20
4,42
6,-66
30,47
34,11
55,-5
3,-11
23,6
30,73
53,-74
51,32
78,14
51,-35
41,-74
78,-10
41,2
5,-20
23,-47
34,-55
38,-10
38,47
9,-53
102,44
94,37
94,-40
42,-38
13,22
6,53
55,-47
55,-91
3,-55
72,11
23,-1
72,26
30,13
102,27
78,51
23,-53
94,19
30,14
30,-97
41,29
23,38
4,-75
30,-38
38,14
38,51
13,56
19,-38
6,55
102,41
23,-5
94,18
102,120
34,-11
94,-36
1,46
23,-65
55,-65
55,-70
6,74
51,17
41,63
78,0
23,0
73,-74
1,-66
62,-54
72,-50
16,-21
38,37
23,11
78,10
23,-61
30,17
19,27
19,-6
59,27
51,-22
102,40
23,19
94,-47
94,10
4,-31
23,-16
36,12
17,14
31,-66
55,23
23,-11
55,45
23,-91
62,41
34,-50
23,20
13,80
62,63
41,1
59,92
13,-66
6,-25
78,37
9,68
38,18
41,-80
31,48
19,-8
72,1
7,-31
102,-62
94,-17
23,-24
36,45
4,-37
16,-7
30,51
4,50
38,16
53,63
23,68
4,-40
23,-89
15,-17
30,-16
51,49
1,56
102,-71
62,-80
94,27
29,-55
59,-50
13,100
23,35
78,16
23,-70
7,42
4,-30
30,-37
34,56
36,-5
31,-11
3,-84
19,-23
23,14
36,-42
31,-84
102,-87
30,-5
94,30
62,-74
17,19
23,-43
13,5
9,28
55,65
41,26
62,26
1,-84
23,-40
53,-80
38,-23
26,50
36,-91
30,-20
59,39
31,-50
61,7
19,23
7,-77
51,78
102,39
43,-54
23,18
18,-7
94,4
23,53
36,76
48,13
31,0
29,-24
23,-88
4,-77
62,29
22,-50
18,46
15,-62
36,-65
23,60
3,9
55,76
59,120
13,-23
13,-84
18,24
36,-70
31,56
61,-54
43,5
48,-10
43,8
31,26
1,0
23,-83
3,-52
23,34
13,30
64,-22
19,16
102,1
3,-85
15,-78
10,-75
64,-63
55,48
26,-30
18,1
31,38
59,38
43,17
7,-76
48,51
18,-4
36,-51
31,-12
22,120
62,1
61,63
10,-34
13,16
64,24
59,-62
18,-40
26,6
31,-54
43,30
10,-31
23,-82
64,-6
30,22
59,-87
26,-28
61,-80
36,65
61,1
43,16
43,100
30,-99
48,16
22,-62
62,2
3,-18
10,-37
13,32
64,-40
10,-58
30,32
64,-30
59,44
36,-47
31,-55
43,-22
22,-87
3,46
61,26
43,48
48,-23
26,42
61,2
43,32
10,-77
48,47
64,-7
22,44
3,-41
26,-6
43,-23
48,14
22,41
3,25
10,51
64,46
64,3
43,-17
48,-56
10,-76
64,-4
26,-49
61,41
43,80
22,92
3,-35
25,27
39,60
20,25
39,86
19,38
19,-35
19,48
13,-44
16,37
16,28
19,-1
18,54
25,7
46,77
20,24
18,96
26,-12
25,3
39,62
19,55
19,-32
39,20
19,75
13,43
18,44
19,77
16,24
25,-7
46,2
26,3
46,-35
25,-10
20,45
18,75
25,-75
39,54
19,2
19,-112
39,96
37,-66
46,-88
64,58
25,-35
20,50
26,-75
20,-113
19,-88
39,75
46,58
37,-17
25,55
64,64
25,75
20,-69
25,-44
37,-25
19,7
19,58
18,86
39,1
26,-44
13,-75
16,2
46,64
46,11
37,-67
16,-69
25,-112
64,48
25,43
64,-88
19,11
19,-7
19,64
16,-113
37,18
18,62
46,-1
20,37
37,72
26,43
64,-32
37,86
37,-8
64,11
64,-35
64,-1
31,18
46,7
3,86
24,62
37,60
64,77
21,25
1,43
46,-7
31,-17
24,54
18,-1
3,62
3,43
3,96
46,45
24,96
31,-67
21,45
31,60
18,77
46,-50
3,75
3,54
46,50
21,-50
31,86
1,-75
24,75
46,55
31,72
21,50
46,-69
46,75
11,48
21,37
43,-35
46,-112
18,-88
31,-25
11,-5
1,-56
21,-69
43,55
46,-113
43,-7
11,44
18,58
21,-113
43,-112
10,-56
30,-112
67,60
42,58
18,64
21,28
42,-35
40,-10
18,11
67,1
46,25
40,-75
42,-88
48,-69
43,7
42,64
46,24
67,62
40,43
48,-113
43,-10
67,54
11,-47
67,86
10,-40
63,62
40,-44
48,28
42,-32
27,25
4,43
40,3
48,-7
67,20
63,20
40,-21
63,54
44,48
27,24
48,24
42,-1
63,96
30,75
3,44
44,-32
27,45
67,96
40,-12
22,3
30,38
48,55
63,75
27,-50
42,77
27,50
67,75
44,-1
48,-112
22,-12
63,60
30,55
44,-88
27,-69
44,77
24,-112
42,72
53,-32
44,58
48,75
24,27
44,-35
27,-113
44,64
42,-25
42,60
44,11
53,77
22,43
27,37
53,58
63,86
53,-88
42,86
53,64
53,-35
42,-67
53,48
42,-8
53,11
53,-1
17,-104
59,59
3,59
3,-106
24,-92
59,-106
23,-104
15,59
15,-106
53,73
53,-22
24,73
37,-60
37,-78
14,-22
14,73
24,-104
12,-92
65,59
12,80
33,-104
65,-106
5,59
16,73
33,27
5,-106
75,59
75,-106
44,-104
2,-106
27,-104
2,59
19,59
34,-22
28,-92
34,73
17,-78
36,-78
27,27
48,-104
36,-60
27,-106
19,-106
27,59
28,80
56,-60
56,-78
37,73
10,-78
10,-60
78,-13
111,-29
111,-3
69,15
69,4
94,-2
94,79
74,-13
52,-29
100,-29
100,-3
56,-71
56,10
105,-2
105,79
119,-2
119,79
33,-1
33,-47
18,-11
33,-49
33,-50
31,-35
12,63
1,-89
57,51
57,37
60,120
12,27
33,-51
8,-61
46,53
8,53
11,-30
33,11
5,24
21,-43
31,28
18,-20
5,56
46,20
1,-88
18,35
27,-24
32,20
31,-44
18,-37
58,13
27,-36
12,7
34,27
33,103
1,-16
31,49
58,-8
57,0
16,-20
26,23
12,-6
12,-80
8,-84
33,-5
6,100
31,-21
57,16
34,-17
32,-18
16,-37
12,-8
60,-71
15,-40
12,1
21,60
33,-89
6,16
57,18
46,-6
5,-84
27,-56
21,-82
11,-28
60,-62
8,-18
58,-10
33,-88
31,-28
27,-49
18,22
5,-40
22,-41
33,-27
5,-54
34,30
32,3
32,46
58,17
31,78
3,23
12,26
31,5
14,-8
57,-23
4,-60
16,7
15,3
12,23
60,39
12,-23
60,-87
8,3
1,-46
46,-82
21,34
5,48
32,-41
46,-43
36,-99
27,-58
1,-99
14,-23
22,-39
33,13
58,-22
57,47
26,-57
60,44
14,23
33,-36
8,-41
8,26
12,16
32,25
15,-4
60,1
5,-55
31,19
36,-10
14,-21
21,0
21,-16
33,-10
18,-83
46,60
58,-49
27,31
57,14
12,-38
31,-74
58,3
60,41
8,25
22,-18
11,-6
5,46
58,26
31,-41
33,26
26,73
57,-56
14,16
3,-20
14,-38
21,20
12,-57
8,-12
26,-38
60,38
58,103
22,49
5,-4
15,46
5,-12
1,6
34,19
32,-85
21,-24
33,-46
4,-20
46,34
27,-38
36,-16
58,11
12,41
60,27
8,-85
27,-55
6,80
5,-63
58,-27
57,46
32,-35
31,-39
22,78
26,-97
16,-8
12,73
60,92
14,-57
8,-35
34,-47
32,53
20,60
17,-56
8,11
28,-63
18,38
21,14
20,-82
33,-62
43,-46
27,0
46,-16
20,20
38,34
28,3
58,-50
31,-53
6,-54
11,-78
55,27
57,13
13,-46
20,34
34,35
31,-18
12,-97
32,9
60,-50
57,-76
8,9
1,-81
39,-4
13,-36
4,14
46,-99
15,-22
5,-11
38,-16
28,-4
36,18
1,-79
21,53
33,6
13,-89
12,-74
46,-24
17,31
57,20
11,50
6,5
67,22
58,1
39,7
31,-61
57,-10
43,6
46,-5
38,-24
34,-40
32,-52
8,-52
55,11
14,-97
30,-53
8,-50
15,24
20,-24
44,9
17,-38
57,42
67,7
28,-30
39,29
28,46
43,-36
31,-99
21,-28
43,-47
38,-6
43,-1
5,-44
27,30
20,-43
11,-23
55,-50
11,14
17,-24
31,68
30,-61
13,-47
19,31
37,41
34,-36
44,-52
32,-61
57,6
67,14
9,80
39,-22
44,-85
7,-18
44,-41
57,-75
67,16
89,46
12,48
4,34
43,-51
8,56
38,53
8,73
51,92
43,11
38,20
11,-62
5,74
28,-22
1,-72
8,-5
30,68
55,103
13,-51
59,48
20,53
26,20
44,-61
22,-24
55,26
57,-34
19,22
39,24
44,53
44,0
57,-31
67,-20
2,50
39,-6
43,-5
89,14
38,-28
5,8
43,-89
13,-20
31,-16
44,25
11,32
69,-53
28,24
51,41
39,46
89,13
1,55
12,-53
55,-27
30,28
31,35
8,-97
41,9
51,-50
40,42
57,-26
58,29
59,22
67,34
57,-58
32,-32
39,-30
37,-54
43,-88
59,-11
9,-66
38,-43
12,11
89,10
12,-63
55,-8
1,-34
55,13
51,27
19,0
13,-88
14,-50
69,-63
44,-18
9,5
8,-63
69,-61
57,-37
44,3
67,-9
57,-77
89,-10
39,-40
59,-66
39,-7
41,-85
41,-52
43,3
31,2
40,6
58,-63
38,-82
38,60
51,-47
28,-40
11,28
1,51
37,63
55,17
55,-10
9,11
12,-47
26,22
7,49
20,74
89,37
22,53
12,-89
44,46
57,-21
44,-6
67,49
67,-60
14,103
9,30
51,-40
59,11
69,68
29,20
89,51
12,68
10,120
8,-16
41,53
12,-37
9,63
40,-31
29,53
41,-61
12,-51
51,120
40,-34
58,-6
19,-55
58,24
13,37
8,-62
37,-80
19,17
13,51
9,100
7,78
32,35
59,56
89,16
9,-84
12,-44
51,-36
13,-37
20,-25
12,120
20,8
6,-89
44,-43
37,-16
9,56
14,-27
19,30
14,3
9,-80
29,-28
59,-84
44,-28
19,100
25,30
69,-44
69,28
89,0
12,28
31,27
41,20
19,-24
40,-26
12,-20
40,-58
37,26
58,-30
89,-23
6,-88
32,-1
37,-5
29,-43
26,-34
12,-88
25,-36
9,26
44,60
59,0
19,-36
14,13
26,-72
51,-17
9,-7
12,-62
9,16
69,-32
69,-21
7,5
89,18
10,-62
19,-56
37,2
29,-82
51,-62
40,-77
40,-37
25,-49
44,-82
9,-23
51,18
7,-41
58,-7
8,28
29,60
89,-14
19,-22
25,-56
13,23
32,-21
51,1
51,30
12,22
22,-82
12,-87
12,-46
8,2
4,-82
37,-99
19,-49
12,-36
9,-78
69,-28
9,-22
19,32
6,-46
13,47
10,-87
29,34
10,1
12,-28
12,14
41,46
51,37
25,-58
7,-39
12,32
51,-87
89,-56
8,-78
5,49
5,-60
12,44
13,14
19,-17
8,-57
13,-56
51,38
9,-55
32,29
32,-83
9,-12
12,30
26,-81
8,-4
22,34
59,-12
8,-99
26,-79
44,-16
19,35
37,-10
25,31
40,-28
69,-74
89,47
19,80
74,-80
10,44
31,37
12,92
51,44
19,78
40,-76
40,-32
35,-37
58,-4
74,-54
19,8
59,-55
32,24
67,10
12,6
22,-16
25,-38
44,-24
27,-1
19,-54
14,26
40,19
69,38
51,35
27,-11
74,7
74,26
69,48
10,41
40,-42
24,26
41,25
10,92
67,0
74,63
19,-63
40,51
12,-50
67,-23
13,28
35,-20
58,46
19,49
35,7
40,20
67,37
58,7
8,-26
88,39
19,5
19,-72
27,-42
40,29
27,-82
74,29
53,18
74,1
12,34
19,-41
38,23
63,16
88,-62
78,-54
67,18
25,23
35,23
78,2
88,1
42,-60
67,-56
40,-74
24,-62
67,47
63,-23
67,-87
27,34
12,-76
2,2
42,49
27,-83
11,-51
11,-82
14,-83
16,-78
12,-79
37,27
22,-55
16,-39
11,34
63,-57
27,-6
12,-22
78,41
19,-39
67,46
8,-39
40,48
13,-74
53,-56
40,38
10,-8
10,-20
35,14
88,-87
19,3
37,30
13,-57
2,25
27,-16
88,38
12,51
38,32
11,-65
11,12
24,-87
67,44
19,-79
12,-24
38,-8
63,73
42,20
2,-99
67,92
14,24
78,7
19,-81
11,-16
40,-49
67,13
40,-53
74,41
32,27
96,19
24,41
2,9
19,-18
74,2
53,47
12,42
46,12
25,32
35,-8
37,11
53,46
22,-11
12,-66
88,44
19,19
24,92
25,-8
37,37
38,7
13,73
63,-97
88,92
35,32
67,-50
36,63
38,-20
24,44
63,-38
78,-74
67,41
43,37
67,-10
96,-47
40,-61
14,38
40,50
2,-52
16,-26
37,-50
11,-91
12,0
38,1
40,-6
13,-53
36,-80
25,-20
24,-50
53,13
13,-38
88,41
78,29
13,-97
96,27
88,-50
37,35
40,-63
67,51
27,53
40,68
46,-42
19,-66
27,8
16,-62
2,-61
2,-85
12,-34
21,-5
12,-75
11,-70
22,56
14,8
40,0
12,55
67,120
74,-74
37,-49
96,4
35,1
40,28
12,5
46,76
78,63
38,17
53,-10
12,-26
67,27
25,1
21,17
11,23
25,17
40,17
63,-6
67,40
88,27
37,19
42,34
78,1
12,-31
40,-30
32,1
96,18
11,45
2,18
14,-11
13,68
37,103
16,49
63,-8
24,120
67,-62
24,63
78,-80
12,-82
53,51
8,103
63,27
43,-56
53,37
88,120
37,-36
96,-9
42,-20
37,-47
46,-51
2,46
12,-58
36,41
11,65
43,46
12,-81
22,-84
12,-7
32,92
21,7
37,-27
12,-43
16,78
56,13
43,14
24,-80
78,26
8,-27
38,-37
12,100
32,41
67,-71
8,78
53,16
88,40
29,29
25,-37
18,-66
46,-65
88,-71
43,13
19,14
21,-74
96,35
12,-77
11,76
27,-43
56,-10
12,-72
21,-54
12,60
37,13
16,-63
29,-22
36,-74
63,23
67,39
10,23
19,53
29,-63
22,26
96,-40
56,51
46,-91
21,120
21,63
29,24
21,18
56,37
18,55
19,-28
43,51
32,120
56,0
26,-16
96,-36
21,-80
46,-70
56,16
18,-34
21,1
43,0
26,-5
56,18
19,-43
96,10
21,-62
21,26
46,23
56,-23
18,51
26,2
19,-82
18,-72
19,60
43,18
21,-87
96,-17
46,-30
18,-81
26,-99
19,34
56,47
21,44
56,-56
32,-87
96,30
29,-4
46,65
18,-79
21,-99
19,-16
21,41
56,14
56,46
43,47
21,92
32,44
96,37
45,64
45,11
1,62
1,77
31,20
49,75
9,-67
43,50
45,48
45,-1
31,62
31,96
1,54
1,96
49,60
31,75
9,72
43,-75
45,-32
43,2
43,-69
45,77
31,54
1,75
45,58
43,-113
9,86
1,58
49,86
43,-44
43,28
45,-88
1,64
49,62
43,-21
43,43
43,24
43,25
1,86
49,96
43,-12
49,54
19,43
26,25
43,45
11,-66
63,58
11,18
5,-56
12,64
26,-113
15,62
13,54
63,64
26,-50
19,-44
10,-7
15,54
15,96
11,-67
24,45
13,96
63,-1
16,72
12,77
13,75
15,75
16,-25
11,72
13,60
24,50
7,75
63,77
19,-12
7,-112
26,45
10,55
10,75
24,-69
11,86
63,-35
16,18
10,-112
24,-113
12,43
63,-88
13,86
12,58
16,-67
26,-69
24,37
15,86
13,62
12,-12
2,86
69,27
74,64
43,58
17,-8
44,-10
74,11
44,-44
69,7
17,-67
74,48
43,64
44,43
74,-1
44,-21
17,72
74,-32
69,-7
17,-25
17,60
74,77
44,-12
43,77
3,-112
69,-35
74,-88
2,-67
17,86
43,-32
17,18
74,-35
74,21
69,55
69,75
2,72
11,54
35,58
44,-75
35,-1
69,-112
11,96
13,45
74,58
41,-32
35,77
11,75
35,2
41,77
35,64
2,55
11,62
35,-35
13,-69
35,-88
2,75
2,-112
41,58
13,-113
41,-88
41,64
35,11
2,-7
41,48
41,11
41,-1
22,59
52,-106
52,59
10,-92
22,-106
16,-60
22,73
78,59
78,-106
66,59
66,-106
7,59
3,-92
9,-92
4,-78
7,-106
21,-92
21,80
68,15
38,59
16,-92
5,-78
24,-60
31,73
24,-78
5,-104
38,-106
1,-92
9,-60
1,80
42,-78
63,-71
63,10
81,-19
81,-128
70,-14
70,40
117,-29
117,-3
68,4
28,8
34,-49
26,63
89,-85
75,-63
47,12
28,-11
56,-55
40,-47
19,-80
63,53
35,100
82,-6
30,45
22,63
76,-44
34,103
89,-52
40,-36
56,30
75,-22
32,-43
47,-91
82,24
26,-80
76,28
30,-70
55,-84
89,53
32,-6
75,-6
1,53
47,45
61,-26
46,29
25,-30
40,27
76,-63
55,38
56,-24
34,1
19,26
82,-30
18,-55
76,5
22,-80
56,-36
34,-27
76,-32
19,1
89,-61
35,16
26,26
75,24
76,-21
61,-77
47,-70
89,4
21,-72
75,-30
19,-40
61,-37
47,-42
32,60
63,3
21,51
28,-1
55,-54
82,1
82,-7
25,6
30,76
19,29
25,19
32,-82
35,-23
56,-49
76,-41
34,3
76,-13
2,-56
35,-22
28,16
76,-28
26,1
76,3
89,20
89,3
29,-60
75,1
61,-10
75,-7
47,23
40,18
47,76
28,-23
11,-87
28,-42
82,3
56,-58
29,49
18,-36
18,-56
32,34
40,-17
56,35
35,-17
34,-8
63,-18
76,-74
21,-81
26,-54
82,-40
5,47
89,-18
61,-76
89,15
76,-39
2,37
24,-56
75,-40
46,42
75,3
47,-30
47,48
55,-12
28,-57
28,-21
28,-83
55,-55
82,-4
1,-82
30,-51
76,19
56,31
18,-58
24,47
19,41
19,-4
34,17
56,22
2,31
21,-79
26,41
76,48
76,38
32,-16
89,-54
61,20
75,15
40,30
46,-49
47,65
75,-4
63,46
61,51
47,-51
55,22
82,15
82,7
30,12
30,65
76,-18
25,42
18,31
56,-38
28,73
11,92
35,-54
76,-22
76,-53
89,-41
76,32
89,-35
47,-47
40,35
63,9
28,-38
75,7
55,-11
82,29
21,6
32,-24
40,37
19,46
1,-24
63,-41
19,-74
25,50
26,-74
35,5
76,-15
76,49
24,13
30,-47
76,-61
28,-97
2,-40
40,-40
89,9
63,-52
75,29
89,25
82,-22
47,-5
30,-91
75,46
21,-66
47,-65
26,-85
76,78
76,68
63,25
76,-35
61,-34
9,6
19,-30
30,-65
55,56
21,-7
14,22
16,-83
10,-46
31,34
21,22
56,-21
9,-81
10,-36
63,-85
35,-39
33,42
35,8
82,-63
54,-74
35,19
26,53
56,-76
14,32
52,-51
2,-79
17,-41
61,-75
26,-41
9,-79
11,120
52,-47
12,-55
55,-66
16,-1
19,24
35,-18
39,41
54,48
21,55
18,26
56,-7
17,-35
19,63
56,20
54,38
32,-28
14,-20
52,12
46,6
14,-37
17,25
5,37
35,92
76,17
31,-24
52,-65
33,50
24,0
61,-31
12,-84
54,-53
28,48
39,-54
38,35
17,9
14,7
56,42
38,19
52,-5
17,-85
35,27
56,-75
21,-34
26,9
10,-47
53,-5
33,0
33,-42
18,-50
37,-24
29,74
18,103
54,-61
35,49
39,63
54,17
38,-40
17,-52
35,-50
3,49
56,6
38,-47
17,53
52,-91
56,-31
35,41
26,-20
9,-72
52,45
10,-51
26,-52
31,53
10,-89
28,11
33,-28
53,-16
29,-25
54,68
18,-27
35,78
39,-80
37,0
54,-44
38,-36
5,100
56,-34
3,78
37,14
38,27
52,-70
81,10
5,5
52,-42
30,-50
26,-61
28,-84
31,-43
12,56
33,19
9,55
32,19
18,13
54,28
32,-40
39,26
61,16
54,-32
20,-11
61,14
56,-26
26,34
52,23
56,-77
52,76
10,-88
2,-72
37,20
37,53
9,-34
81,37
30,103
54,-21
35,-41
30,49
38,-17
17,-18
56,-37
52,-30
26,-60
3,120
32,-36
52,48
26,-18
35,120
31,-82
61,-20
9,51
35,3
54,-28
43,-16
28,56
29,11
38,30
81,-10
3,-39
26,49
81,16
52,65
30,-27
2,-81
29,8
26,-37
12,49
30,78
28,-12
5,30
61,34
81,51
29,-89
44,120
35,-80
24,-6
37,-43
20,35
12,78
9,-58
30,5
81,-23
56,-84
81,0
35,26
24,-43
20,-42
29,-88
37,-82
9,-77
35,-62
81,18
44,-62
81,-14
35,29
3,-87
30,-41
25,16
61,49
24,-82
32,18
6,18
61,-60
20,-83
43,-99
56,26
25,-23
44,-87
29,-46
24,34
37,34
20,29
12,-39
35,-87
81,-56
32,37
81,47
25,-57
30,-39
9,-76
44,38
44,44
12,19
56,-12
6,37
53,-99
31,-49
39,2
81,14
3,41
29,6
81,46
24,-24
35,44
29,-1
31,50
30,-18
44,92
3,92
28,-55
9,42
56,-11
9,-75
56,-66
11,-20
21,13
81,13
25,-97
31,-42
20,-56
44,-50
35,63
56,38
6,-40
56,-50
25,-62
41,18
9,-31
34,-7
20,-58
3,2
20,-49
33,-99
28,42
14,-54
56,56
5,-74
56,-54
45,38
41,30
45,44
25,-87
54,-12
54,-55
15,80
20,31
14,-18
28,-49
5,31
14,41
60,7
3,-99
45,41
37,50
45,92
21,-22
54,22
41,37
31,42
8,-43
25,44
60,29
41,35
28,50
8,-44
34,-4
5,-53
11,-12
45,-50
60,-63
15,5
54,-11
8,74
37,-42
60,-22
41,-40
14,-74
14,49
55,37
25,41
5,-61
8,60
16,-40
60,-6
25,92
55,51
54,-50
8,-25
33,18
41,-36
15,100
60,24
14,78
55,16
5,68
37,6
45,120
60,-30
21,-49
54,-66
54,56
14,-63
55,-23
14,63
34,-63
5,28
34,29
60,-7
12,74
14,5
55,18
21,103
41,-17
41,-47
54,11
5,-36
60,-40
14,-41
33,-16
34,-6
60,3
45,-62
14,-80
20,-55
54,-54
55,14
12,-25
33,2
16,27
14,-39
21,-27
55,-56
54,-84
3,18
45,-87
60,-4
37,42
34,-30
28,19
11,-84
55,47
15,-85
25,120
15,9
34,24
11,56
54,0
15,-52
54,26
15,-18
15,-35
15,-41
15,25
27,58
29,64
6,86
33,-44
1,25
27,64
25,45
27,11
6,62
33,43
29,77
7,25
42,55
42,75
33,-21
7,24
1,50
29,-35
25,2
6,54
1,-69
6,96
42,-112
33,-12
7,45
25,-113
25,-69
25,37
27,77
25,28
6,75
17,43
25,25
7,50
27,-35
33,-75
1,-113
27,-88
7,-69
7,-113
29,58
54,58
2,28
5,25
54,64
54,-1
5,45
31,55
54,77
31,-112
5,2
54,-35
28,-56
54,2
5,-69
2,-69
5,-113
54,-88
2,-113
22,55
22,75
22,-112
50,-75
50,-10
50,-44
50,43
7,-67
22,-7
3,-67
50,-21
7,72
50,-12
3,72
7,86
29,72
20,-40
29,86
20,56
29,-66
29,-67
6,-104
37,-104
35,-60
44,59
35,-78
44,-106
30,-60
30,-78
57,59
13,-78
13,-60
57,-106
63,59
63,-106
53,59
53,-106
9,-104
7,-92
11,80
7,80
11,-92
34,-92
25,-78
25,-60
34,80
33,-78
33,-60
70,21
70,69
76,21
76,69
115,-2
115,79
104,-29
75,-13
45,-21
22,-47
60,-49
63,-22
45,0
21,19
21,-40
28,-27
33,68
30,-36
26,-88
29,-50
4,45
62,11
22,-51
60,103
4,-70
62,56
22,-36
63,49
62,13
19,-20
62,-8
65,5
35,20
21,-47
5,-5
63,-15
13,-43
36,-17
33,28
21,-36
28,13
22,-89
61,-23
29,56
45,-55
20,-30
22,-5
22,-56
62,-84
60,-27
5,-1
63,78
62,17
45,30
65,-41
36,30
29,-84
13,-82
26,-46
29,38
45,-24
22,35
13,34
4,76
62,0
62,-22
30,30
45,-36
65,19
65,-39
4,65
62,48
60,-8
63,5
36,37
35,46
5,-99
29,-54
4,-47
62,-55
45,-56
61,46
22,31
65,32
45,-49
61,47
5,-83
62,3
60,17
65,-18
33,38
18,25
13,-24
19,50
21,30
20,46
4,-65
62,22
29,26
33,-74
61,13
17,-43
22,-46
60,-54
35,9
45,-58
20,-4
4,-51
1,-78
22,-38
65,10
45,35
62,-12
57,-63
35,-85
63,-39
63,19
65,-15
35,25
19,-42
36,35
18,9
28,103
35,-52
17,74
60,63
35,53
65,37
45,31
45,22
57,17
4,12
62,-49
5,-62
60,26
65,-22
62,-50
63,32
36,19
18,-85
18,-52
33,-53
60,-80
26,11
30,35
26,-51
65,16
57,-44
45,-38
62,103
57,-28
60,11
62,-11
65,49
65,-56
61,-87
57,-74
36,-36
18,-61
1,42
62,-66
60,2
29,-11
26,-89
65,47
30,-83
65,-23
65,46
57,48
57,-32
61,44
61,92
61,39
51,-99
4,-91
62,-27
65,78
9,-49
65,14
6,44
57,38
44,-4
65,13
57,-53
61,-50
51,-10
59,46
59,14
51,-5
6,92
60,-74
57,-61
80,19
84,10
91,35
9,50
44,-63
6,41
30,-11
35,-5
23,74
59,13
7,103
30,8
91,19
65,51
57,68
18,-74
80,-47
35,12
61,120
80,-40
51,-16
64,49
84,37
44,-22
23,-25
91,-40
18,63
15,103
7,-27
35,-91
21,5
59,-10
65,0
57,28
91,-47
44,-30
6,120
35,45
44,24
7,13
59,37
64,78
84,16
18,-80
37,120
9,-30
91,-36
15,-27
65,18
44,-7
61,-62
35,-70
59,51
27,-30
91,27
4,-89
35,-42
25,-26
21,100
84,-10
59,16
15,13
84,-23
91,10
27,-22
51,2
91,4
23,-26
35,76
84,51
8,68
6,-87
4,-88
59,-23
5,-89
64,-41
5,-51
84,-14
37,-62
91,-17
17,23
91,18
35,-30
84,0
32,-37
29,68
59,18
29,-61
64,5
64,-39
84,18
84,-56
37,-87
8,-74
32,-20
91,30
32,7
91,-9
27,-40
35,65
35,-51
5,-88
27,-4
4,-46
18,41
29,-18
1,47
59,-56
64,-18
37,92
84,46
37,44
91,37
5,-46
35,-47
21,32
59,47
64,19
84,47
29,-74
45,-44
1,-37
84,13
8,-53
2,47
52,27
45,28
48,-58
64,32
84,14
4,37
29,-41
63,-30
32,-8
35,-65
48,-26
58,34
27,46
39,-23
59,-32
29,25
29,-53
39,18
29,-85
48,-77
29,9
63,-7
82,-18
52,-17
43,-18
5,-47
48,-37
59,-21
55,-60
63,-40
50,48
52,19
43,-85
48,-75
58,16
14,-46
52,-28
61,3
29,-52
7,46
55,49
52,18
50,65
29,-83
48,-21
58,-60
33,-39
45,-28
8,-87
52,-74
59,42
52,30
43,53
48,-31
58,-20
59,-76
58,49
39,-56
10,-4
50,-51
33,37
11,-99
55,20
53,38
50,-47
14,-62
45,-74
82,-54
12,-4
23,42
61,-4
59,-49
48,-76
59,-6
2,41
63,-4
39,47
17,-16
53,44
52,38
8,44
82,-41
52,37
23,-49
43,-41
53,92
50,-65
59,20
58,20
50,12
8,92
82,-35
59,50
58,22
53,27
39,14
8,41
52,-53
82,25
53,-50
33,35
7,9
39,13
20,-66
50,-5
45,-53
52,35
43,9
82,9
12,-49
2,-74
52,-63
25,-47
52,-61
7,-85
59,-75
82,-85
7,-52
59,6
50,-91
52,-40
12,-30
43,-52
58,14
14,-51
82,-52
59,-42
2,63
61,-22
59,-30
12,103
20,-84
33,49
52,17
39,37
52,68
53,120
59,-31
55,-20
82,53
45,68
7,-61
50,45
59,-34
39,51
52,-36
43,-61
50,-70
14,-89
48,-34
63,24
8,120
59,-28
82,-61
2,-80
61,24
12,-27
33,78
52,-44
39,16
52,28
25,18
59,-58
82,4
20,26
50,-42
59,-26
17,73
55,34
39,0
50,23
59,19
82,20
12,13
17,-57
52,-32
20,-12
75,13
52,-21
59,-77
50,76
18,-53
3,-97
12,-40
17,-97
59,-37
17,-82
75,10
19,-50
75,-10
53,-87
13,74
25,-40
19,103
75,37
75,51
18,68
13,-25
75,0
19,-27
75,16
75,18
18,28
13,-26
19,13
75,-23
75,47
20,-54
75,-14
75,14
3,-38
75,-56
3,-57
51,60
23,62
51,86
38,-44
23,54
51,62
38,43
52,75
51,20
38,-21
51,54
23,96
51,96
52,60
52,1
33,45
33,-69
38,3
12,-112
51,75
23,75
52,58
12,75
11,-113
33,-113
38,-75
23,86
52,64
11,-69
52,86
49,-44
11,37
38,-25
52,2
38,86
52,-35
1,-112
38,-67
52,62
52,-88
52,20
49,43
38,72
2,62
52,96
52,54
49,-12
52,11
17,58
2,54
38,-7
2,96
52,-1
7,62
17,64
52,77
7,96
7,54
35,72
38,55
35,60
35,-25
38,75
17,77
16,44
35,86
14,-25
38,-112
36,-75
35,-66
17,2
14,56
35,18
14,-56
36,-44
35,-67
36,43
34,-88
10,-113
16,64
34,58
40,54
10,37
34,64
34,-1
9,-40
10,45
40,60
34,77
16,77
32,-25
19,-113
16,-88
34,-35
32,-56
34,-32
10,-69
40,86
19,28
40,96
34,2
19,45
16,58
9,-56
19,37
40,75
66,75
47,50
66,60
40,62
19,25
40,1
19,-69
47,-113
47,-69
66,86
47,28
66,62
66,20
47,24
66,54
66,96
7,-104
18,-104
2,-92
81,-106
81,59
12,-60
27,73
12,-78
32,59
32,-106
18,-92
11,-60
74,59
74,-106
55,59
55,-106
18,59
18,-106
78,15
47,59
72,59
47,-106
72,-106
55,-78
64,-71
115,-29
115,-3
113,-2
113,79
114,-2
114,79
72,21
72,69
69,40
70,-71
70,10
40,-85
24,-30
65,29
65,63
51,51
85,15
52,49
22,37
40,-52
85,27
84,-24
40,78
40,53
84,-36
23,-20
41,-26
65,7
54,34
46,1
51,0
34,-62
41,-58
85,-6
58,-77
58,-37
27,76
52,0
52,-54
40,5
65,-80
84,-49
39,-18
65,1
41,-37
52,78
51,16
52,5
85,-8
34,-87
27,65
58,-21
41,-77
52,26
84,35
17,76
41,-10
54,49
52,3
17,65
24,19
85,-23
84,-58
65,26
34,44
23,49
10,-81
27,-47
52,-55
51,-23
40,-41
24,42
85,23
58,-76
39,-41
84,22
54,20
27,-51
51,47
52,-12
85,-21
54,-60
46,3
34,41
10,-72
84,31
58,51
22,-83
40,32
27,-65
52,22
40,-54
39,25
41,51
52,32
34,92
51,14
17,-65
85,-38
52,-41
40,-39
27,12
40,-18
27,19
84,-21
85,16
22,46
40,-35
41,-76
84,-38
46,-4
58,-75
40,-22
22,24
14,-53
52,-66
39,-85
41,-75
54,16
58,42
17,12
84,-7
22,13
27,-5
65,-54
52,-11
40,9
19,-89
52,-39
51,-56
58,-31
40,49
40,46
85,-57
39,-35
39,53
41,-31
54,-20
17,45
14,-61
84,-55
10,-79
58,6
14,-44
27,-91
52,-50
58,-58
24,-49
52,-84
19,-46
65,41
22,47
84,4
31,-83
52,-18
51,46
39,9
14,68
41,42
85,73
66,27
34,120
41,-56
58,-34
23,22
27,-70
16,-99
19,-62
52,56
34,-43
68,-4
39,-51
16,-10
41,47
84,30
14,80
14,28
39,-47
11,-40
51,13
39,-52
41,6
68,7
58,-26
54,14
40,25
39,12
46,-22
85,-97
17,-91
41,14
66,11
41,13
68,46
39,-65
19,-47
66,-49
68,29
39,-5
31,8
52,-22
34,-44
68,-63
41,-34
66,-50
6,73
45,19
17,-70
34,74
19,-51
66,103
68,-22
39,-91
34,60
68,-6
39,45
45,-47
51,-1
34,-25
69,-6
66,-27
19,-5
14,100
6,-97
68,24
39,-70
68,-30
39,-42
34,8
47,-63
69,29
47,35
41,0
50,-85
69,-30
75,-75
68,1
39,23
51,11
39,76
47,19
66,-8
10,12
69,-22
47,17
47,-40
68,-40
68,3
50,53
10,-91
75,-31
47,-20
34,-26
50,-52
69,3
75,6
66,17
51,-89
34,63
39,-16
51,-51
68,37
39,65
69,24
6,-57
47,68
47,-44
50,18
50,-16
47,-36
50,-61
69,-4
75,-34
40,24
34,-80
26,56
29,100
75,-58
10,-70
68,16
6,56
68,51
26,-84
23,-37
15,-1
31,16
63,-37
50,20
75,-26
47,34
69,1
6,-84
66,-42
51,-88
47,-32
31,-23
47,-21
50,17
75,-77
50,-18
40,-7
75,-37
66,76
68,-14
68,18
45,-17
10,76
69,-40
47,-28
50,2
47,49
47,-17
26,48
66,48
68,-56
39,-99
75,-21
47,-60
31,-56
15,-83
63,14
51,-46
50,-99
50,-41
26,-55
9,-4
66,-51
68,47
47,30
50,-54
75,-76
10,65
40,-4
50,25
66,12
68,13
45,37
6,-12
68,10
31,13
50,-35
75,20
47,22
34,-74
40,7
29,5
68,-10
51,6
66,-5
47,-53
63,-20
32,-63
50,9
10,-65
75,42
66,23
7,-42
66,-91
55,-21
57,-17
51,-54
31,51
48,-22
37,-39
6,-20
36,-56
50,-74
66,45
43,-57
66,-70
7,-83
51,26
36,-87
57,30
27,-46
51,48
54,-56
31,-81
32,-39
55,-74
36,47
37,-18
21,-76
89,48
51,-4
43,73
37,-41
51,-12
55,2
31,-79
37,-35
27,-62
84,7
48,32
44,-55
54,47
51,-55
55,41
48,80
36,44
51,7
6,49
37,32
36,92
66,65
50,38
45,13
89,-53
43,-38
36,13
50,-53
37,25
43,-97
37,9
84,29
37,-11
51,22
44,-11
55,-53
54,13
31,47
51,-74
57,35
48,8
89,-63
51,-11
21,42
51,29
84,-63
84,-22
37,-52
66,-47
17,63
55,-61
48,5
55,63
54,-10
57,-40
89,17
54,37
45,51
89,68
36,51
1,-31
50,68
21,-31
84,-6
51,-6
84,24
37,56
44,56
55,68
17,-80
55,-80
37,-85
48,17
7,100
57,-36
48,100
54,51
45,16
89,-44
66,-65
89,28
36,120
44,-66
51,56
1,-58
21,-58
50,28
51,24
84,-30
51,-30
43,-6
84,1
37,-84
51,63
55,28
37,49
45,-23
89,-32
54,-23
89,-21
21,-26
57,19
37,5
1,-77
21,-77
51,-7
43,-8
84,-40
31,-34
31,-72
51,-66
45,14
89,38
54,18
36,-62
70,13
89,-28
89,-13
51,-80
21,-37
37,22
50,-28
32,49
37,78
84,15
84,3
57,-47
70,-10
45,47
44,-84
89,-74
27,-89
1,-76
84,-4
37,-12
37,-55
5,63
32,78
55,-44
70,37
50,-32
57,27
43,23
70,51
51,-84
5,-80
70,16
70,0
70,-23
70,18
70,-56
70,47
5,41
70,46
70,14
5,-35
5,75
5,-112
22,-113
22,-69
46,86
46,62
22,25
46,54
46,96
25,-25
22,45
25,86
55,-88
25,-67
28,58
12,-113
28,64
55,58
25,72
12,37
55,64
5,62
9,62
20,43
5,43
28,77
55,-1
5,96
5,54
12,45
9,54
9,96
55,77
12,50
28,-88
9,75
55,-35
9,77
20,-75
12,-69
36,72
32,50
29,55
36,60
29,75
32,2
36,-25
29,-112
36,86
9,-88
32,-69
9,58
32,-113
9,64
36,-67
29,62
29,54
33,-66
29,96
84,58
84,21
55,62
84,64
51,-67
49,48
51,-32
84,11
49,-1
55,96
33,-67
84,48
51,72
49,-32
55,54
55,75
49,77
33,72
84,-1
84,-32
20,72
51,-25
49,2
33,-25
84,2
33,60
49,-88
4,-69
84,77
49,58
4,-113
84,-88
55,60
49,64
33,86
84,-35
51,-8
20,-67
20,86
55,86
1,-106
1,59
6,59
6,-106
4,59
25,-104
4,-106
13,-92
67,-106
67,59
15,-104
70,59
70,-106
66,4
65,-71
82,-19
82,-128
30,74
76,63
24,-40
64,37
19,-25
76,29
1,100
64,16
62,-44
64,51
25,68
76,-80
40,26
24,-36
64,0
26,5
62,28
26,-63
24,-47
64,-23
37,23
62,-32
65,39
76,7
76,26
11,-89
37,-23
11,-88
62,-21
37,16
40,2
76,1
9,37
64,-56
30,20
24,-55
24,-4
76,-54
25,-74
26,-39
62,-28
37,-38
37,-57
65,-87
65,92
30,-26
76,41
64,27
64,13
62,-53
40,41
65,-50
64,47
30,-43
43,63
65,44
76,2
62,-61
25,-53
11,-46
25,-63
43,-80
64,14
62,68
37,-97
65,120
25,-61
43,29
3,-83
43,26
64,-87
79,-39
64,39
26,-22
3,24
62,-63
64,38
65,27
79,19
64,44
18,47
38,80
79,-18
14,44
14,92
40,63
19,74
9,-36
64,92
26,-24
9,-47
79,32
24,56
79,-15
18,-62
7,-53
38,8
79,-22
64,-50
40,-80
38,31
26,78
38,5
79,-35
30,34
32,73
43,-74
24,-84
79,49
18,37
32,-38
38,-38
19,-53
38,100
79,78
34,9
46,-66
32,-97
14,120
18,-89
7,68
34,-85
26,-43
64,120
79,-63
19,-61
34,-52
79,17
34,53
19,68
79,-41
34,-61
46,-84
79,5
28,30
64,-62
18,-46
26,-82
38,-58
28,-36
32,-57
38,-22
79,3
14,-87
34,-18
25,49
38,-49
28,-58
33,-55
46,26
40,-55
14,55
46,56
14,-7
7,-30
28,31
38,-5
34,-41
14,-34
2,-4
33,-24
46,-12
40,-24
61,-5
14,-72
34,25
14,51
33,-56
3,76
40,-56
95,-7
46,-54
14,-81
38,-99
46,-11
95,-78
33,-58
22,-57
95,28
7,-4
3,37
95,30
51,-58
40,31
6,46
14,-79
46,-55
40,22
59,-57
3,65
3,12
36,-76
61,-99
33,31
40,-38
95,-17
51,31
33,41
6,47
22,-97
59,73
50,92
46,22
61,-15
51,-38
33,-38
95,-26
59,-97
50,-50
95,17
36,42
3,45
61,-16
3,-91
3,-65
14,-66
36,6
51,-49
95,-62
51,-21
58,-56
72,38
50,-87
9,49
50,120
36,-34
104,31
58,47
3,-70
72,44
35,37
41,-99
72,92
95,32
33,63
36,-26
50,44
72,41
104,22
11,-53
33,34
104,-38
36,-31
41,-5
104,-21
59,-8
50,-62
41,-16
39,50
47,-38
33,-80
35,-40
59,-38
50,41
52,-97
104,-7
104,0
36,-58
32,-49
11,68
35,-11
72,120
21,-89
104,-55
51,-24
58,0
21,-51
59,23
72,40
14,74
104,4
36,-77
47,-7
104,-24
32,103
104,-56
104,30
35,56
72,-87
47,-55
72,-71
21,-46
32,-27
39,6
104,-58
19,-78
52,-8
52,-6
58,-23
72,39
35,-84
104,-36
39,19
47,-24
32,13
104,-49
14,-26
47,-49
32,-10
52,-23
52,16
104,35
22,-60
39,42
47,-58
52,-57
52,-38
35,-12
39,-49
47,31
52,73
70,64
70,11
70,48
69,-1
70,-1
70,-32
70,77
69,77
70,2
63,-9
63,-75
70,-88
69,58
69,-88
63,-10
69,64
20,62
58,-112
63,43
70,58
20,54
69,11
18,43
20,96
23,-67
18,-67
18,-12
58,-35
58,38
20,75
23,72
18,72
58,75
58,55
18,-75
2,77
18,-113
18,-69
23,-66
2,58
60,-112
2,64
48,-44
28,-5
48,43
6,25
28,-47
60,-35
60,75
60,55
28,-26
39,-50
6,-69
16,55
6,2
18,-112
16,-112
6,-113
39,-69
37,77
39,-113
48,60
23,-75
37,-88
37,58
37,64
48,86
48,62
23,43
48,54
37,-1
48,96
23,-12
2,-104
56,-104
56,27
7,-60
8,59
8,-106
47,-104
29,-104
26,-104
13,59
16,-104
45,-60
13,-106
39,-92
39,80
45,-78
31,-92
33,73
31,80
51,-42
64,-61
71,-85
36,49
71,-52
50,-66
93,-47
62,16
27,120
93,-36
25,-70
51,-28
71,53
43,-20
50,11
64,68
36,78
71,-61
62,18
62,-23
93,27
93,10
64,-44
50,56
71,4
50,-84
36,5
64,28
93,-17
71,3
22,-40
71,20
93,4
43,34
50,0
25,76
62,47
62,-56
27,-87
93,30
71,15
43,-60
23,-7
25,65
50,26
64,-21
51,42
71,-18
62,14
93,18
62,46
27,44
93,37
71,-54
64,-28
36,-39
71,46
71,-35
93,-9
43,49
43,22
25,-65
22,-4
25,-51
64,-53
71,9
50,-11
71,-41
27,92
50,-55
5,-85
25,12
62,37
51,50
62,51
9,103
71,25
93,35
50,22
25,-5
6,-39
59,-99
14,-12
41,-4
27,-23
9,-27
46,41
93,19
6,-18
93,-40
5,-41
14,-55
25,-91
14,-84
59,-5
5,9
9,13
27,-26
6,-35
5,-52
46,63
44,-49
41,24
59,-16
46,-80
6,78
6,63
44,103
41,-30
47,-22
13,49
5,-18
41,-7
47,-6
59,17
44,-27
6,-80
6,-41
38,-26
13,78
16,74
44,13
38,-62
48,68
44,-8
44,17
38,-78
38,28
10,-57
13,-39
47,-4
10,-38
20,-80
48,-63
48,-53
10,-97
20,63
28,37
54,-41
72,-14
16,-44
20,-81
88,-56
54,19
72,47
15,-79
54,-39
72,-56
65,-99
88,46
20,-79
88,47
54,32
28,47
54,-18
21,-20
72,46
88,13
88,14
88,-10
88,10
30,25
21,-53
88,51
60,19
46,-85
21,-63
88,37
72,10
26,-53
15,55
11,5
30,9
21,-61
88,0
30,-85
65,-16
60,-47
88,16
72,37
88,18
72,51
21,68
30,-52
30,53
21,-30
20,55
88,-23
11,100
54,78
72,16
15,-81
15,-72
26,68
60,-9
88,-14
20,-34
11,16
36,-53
54,5
72,18
60,35
53,-53
46,9
21,46
20,-72
45,42
20,51
21,-4
53,-63
38,-74
45,-75
46,-52
53,-61
45,6
38,63
36,68
60,-36
45,-31
38,29
53,68
45,-34
38,-80
36,28
53,-44
45,-26
60,-17
46,-18
45,-77
53,-21
45,-37
36,-28
60,30
8,-82
53,-28
46,-41
45,-76
38,41
78,-7
27,62
8,43
27,96
78,38
27,54
16,43
27,75
4,-67
78,55
78,75
8,-75
39,58
78,27
34,-75
4,72
78,-112
39,64
4,86
34,43
16,-75
39,-88
34,-21
39,11
15,43
37,43
39,-1
26,62
39,77
26,54
26,96
9,-112
37,-75
39,-66
39,72
39,-17
39,-25
39,-67
39,-8
34,-67
17,55
17,-112
34,72
34,86
6,77
17,75
51,77
37,75
29,50
6,58
51,58
29,-69
6,64
51,64
37,62
29,-113
37,54
37,96
43,59
43,-106
67,-104
40,-60
14,-104
40,-78
25,-92
25,80
17,-92
31,-104
22,-78
14,59
14,-106
11,-104
38,-60
77,-13
79,21
79,69
35,-10
52,29
52,63
43,-63
50,51
50,37
44,-5
38,-61
30,-34
49,-70
34,6
30,-31
49,45
52,7
52,-7
35,51
25,63
43,68
83,-7
56,120
52,-80
49,23
9,78
50,16
34,55
83,-40
83,3
30,-58
49,-42
38,-18
49,-30
25,-80
83,-4
13,-58
50,-23
34,-34
83,15
49,65
51,80
30,-77
44,-99
28,-99
49,76
83,7
52,-24
50,47
13,31
56,-62
38,-41
49,-47
83,29
34,-72
50,14
52,-49
38,25
52,-56
49,-65
51,8
43,-28
56,-87
83,-22
56,1
9,-39
83,-63
50,-56
34,-81
83,46
30,-76
49,-51
83,24
52,-58
35,47
56,44
52,41
83,-6
83,1
8,12
34,-79
68,-41
49,12
51,100
36,-49
52,31
49,18
24,-58
23,103
56,41
68,49
48,-39
7,-46
45,-57
83,-30
8,65
56,92
50,13
68,-39
8,45
24,31
38,9
57,3
7,-89
68,19
8,-51
49,-5
45,73
49,37
57,-22
36,31
23,-27
68,-18
68,78
35,13
38,-85
43,-53
24,-38
57,11
45,-97
14,9
38,-52
8,-65
49,-91
68,-15
36,-24
57,-50
57,26
57,-49
23,13
28,-18
14,-85
14,-52
14,25
68,-35
40,13
8,76
57,103
49,-40
48,49
57,1
8,-91
7,-51
57,-27
48,78
45,-8
8,-70
57,-8
28,49
45,23
35,-6
16,120
68,5
34,-16
35,24
14,46
49,-17
28,78
40,16
10,103
18,-84
34,-5
34,32
30,120
25,-89
10,-27
40,-23
18,56
25,-88
10,13
28,-41
28,5
30,-62
21,-18
34,-78
28,-39
16,-87
30,-87
34,28
25,-46
30,-89
21,-55
35,-57
40,47
30,44
21,-41
35,-4
34,-99
30,92
35,73
16,92
40,14
21,-56
16,41
21,9
30,-46
33,-26
16,-74
35,-97
21,-52
21,-85
19,18
89,-7
13,-72
21,31
89,-40
85,18
27,-99
49,-54
46,-87
85,30
71,47
71,-56
16,-53
15,37
85,-9
13,-81
46,44
85,37
17,-99
35,-26
71,14
33,-43
9,31
49,41
46,92
19,47
89,-4
13,-79
16,68
85,35
71,10
9,-38
71,13
89,7
49,63
85,-40
27,103
56,-16
71,37
49,-74
46,120
85,-36
49,-80
71,-10
27,-27
19,9
71,16
56,-5
89,29
85,19
85,10
19,-85
34,5
27,13
49,29
71,-23
56,17
71,51
19,-52
33,74
89,-22
46,-62
85,-47
85,-17
36,103
71,-14
89,-6
71,0
25,46
25,-4
89,24
13,55
36,-27
34,100
6,9
6,-85
89,-30
37,12
71,18
6,-52
89,1
11,49
85,4
37,-91
13,-34
37,45
56,-99
11,78
37,-70
37,76
11,-39
37,65
37,-51
37,-65
34,62
23,77
34,96
34,54
34,75
23,-35
23,56
23,-56
23,58
23,64
62,60
62,62
45,43
31,25
31,-69
62,54
17,-113
17,37
31,-113
62,86
62,20
17,-69
62,96
45,-12
31,45
13,77
21,75
21,-112
13,58
13,64
1,-67
1,72
36,62
11,43
19,-67
36,54
19,72
36,96
20,-112
36,75
76,55
19,86
15,77
76,-112
76,75
15,-88
76,15
76,27
15,58
15,64
76,-7
25,59
25,-106
32,-92
36,-104
41,-92
86,15
41,80
9,59
9,-106
46,-104
31,59
31,-106
71,-60
71,-78
61,36
74,69
68,40
21,74
45,63
93,-16
13,-80
67,30
20,100
74,24
7,12
67,32
7,-91
74,-6
25,-18
93,-5
53,-40
21,-25
45,-80
53,3
25,100
23,120
50,49
7,-70
93,17
74,-30
53,-36
67,-7
74,-40
45,26
50,-60
25,-41
93,2
53,-46
74,15
67,-78
74,-7
26,-4
93,-10
49,-23
53,-4
93,-99
