80,-71
-93,25
104,-100
54,-122
-12,-26
-5,24
-24,-42
90,111
-116,16
-54,4
-39,-126
-108,85
-62,78
-64,-58
-127,-53
-48,-103
19,-2
-69,58
99,-26
57,-10
-105,100
-63,67
64,-16
58,-84
57,81
72,-125
-2,63
-110,-2
125,-115
16,-71
-12,-2
6,24
89,120
30,50
104,-65
-8,0
-123,47
-47,59
-84,-26
23,71
19,-64
-1,30
95,49
41,40
11,84
93,-47
94,-92
103,-39
-92,-117
-86,71
-68,-41
-89,62
8,-94
21,52
107,-65
6,-68
4,-107
13,5
115,90
-119,66
4,-11
-60,70
-100,-109
-32,59
-104,-40
-43,-112
-30,-98
-46,-48
-71,54
-75,49
-9,24
121,2
86,89
-82,-19
36,-13
-81,-2
-16,-56
87,-117
94,-38
-60,-127
-66,87
13,93
-23,-9
-37,-43
6,-78
33,95
0,9
29,126
-72,-26
-76,-112
-89,-124
-43,74
-53,-66
-127,107
-7,-11
-124,14
49,-124
-63,-65
62,127
58,-41
52,-31
-40,-9
44,-3
-60,-118
10,65
-27,-2
-47,-122
-97,110
-113,-38
-114,20
-105,-86
-44,-72
87,103
-71,-95
-57,-24
112,41
127,0
-125,-69
71,-85
37,36
15,-119
121,60
-76,-29
-25,-75
99,-60
-118,86
-101,-96
26,63
3,-84
-45,-73
67,0
-11,-71
-87,22
85,-70
89,-83
-112,-33
-14,-108
46,49
116,14
84,122
-50,-119
-32,-65
37,85
-74,35
9,88
16,48
-17,-51
-95,-127
27,12
-94,-7
-33,23
-31,-21
-22,3
-52,123
-73,36
-100,17
-64,119
-46,21
-63,-61
48,-126
70,-14
53,-40
-110,-2
116,48
127,90
5,70
-111,12
62,97
-10,117
38,106
-27,37
35,-76
82,-85
-90,-36
64,-82
-110,10
71,3
-76,70
-31,87
-65,12
-123,29
82,-63
69,-32
29,-51
-79,-64
-55,-11
7,20
49,65
27,-20
-37,41
102,-70
122,109
-115,-113
-45,-20
116,-128
-119,-3
-98,-121
12,18
39,12
-58,23
-98,-97
-85,45
-23,38
10,-128
19,116
-113,-41
-33,56
54,-88
-32,36
-128,-92
41,69
78,88
88,66
66,70
-8,-88
9,125
-68,-11
26,75
-88,-78
10,-21
-120,-16
57,19
7,100
44,33
-122,92
2,-108
-53,-98
-106,115
-60,40
-124,-46
-28,18
-108,-1
-8,12
82,-81
65,94
-47,46
-112,-40
117,67
79,-17
-46,55
-127,19
-26,-41
-5,-67
-31,-9
-74,36
49,-44
6,-83
-96,31
-62,-22
-11,43
-99,-58
121,98
11,-8
-94,-77
-112,-15
79,-68
95,126
-70,79
8,-69
11,0
-3,-13
36,111
-116,1
99,29
66,-7
-75,-85
-107,64
-116,3
90,29
-46,-43
-97,4
-80,86
67,27
-81,-95
106,-78
107,47
-99,-96
-37,-29
8,59
-26,-42
-57,-42
36,122
-9,-89
99,-20
5,123
66,85
-91,-24
32,6
116,-8
2,118
5,-13
13,50
75,-38
-56,66
-87,87
24,33
-72,-111
-41,-43
-29,-121
-102,-100
-18,-104
-32,-19
-128,-54
40,53
32,-13
97,-21
-38,-27
19,-61
42,-94
98,58
28,-56
60,-65
-60,-48
27,-36
92,-12
-7,55
61,-11
4,-47
38,-106
5,-15
114,-57
-118,44
-127,-121
-37,-114
42,-26
125,-7
-118,84
97,-17
16,65
-90,15
-107,-62
38,64
45,77
-121,57
98,81
-89,69
-24,103
121,102
83,-86
-101,58
-26,25
114,58
-59,6
100,126
-19,51
43,56
108,-126
-60,-56
26,-76
-48,-119
22,-69
0,-99
19,-93
23,35
50,-106
10,-13
103,-22
98,85
-51,-98
-40,113
-38,-52
-8,39
-45,23
-34,-107
-68,-37
121,-111
-70,17
-86,105
3,4
-60,-63
5,76
-114,-78
-68,117
-115,-13
-34,-109
82,118
-50,103
99,-118
36,62
73,55
-97,0
-7,48
86,123
103,-76
-44,55
10,-70
-60,12
61,-127
-120,-107
-117,-5
-113,-85
33,-1
97,-125
-106,-72
127,-120
-25,-18
78,-103
-22,96
-68,44
105,-65
-56,-128
4,74
-59,-91
53,-19
17,70
2,-2
82,6
6,-87
-46,72
117,-78
22,-127
108,67
-110,8
-46,50
66,82
-8,38
-109,-33
-48,-30
-29,4
-76,-114
51,-22
-23,-76
55,-121
-50,-61
-70,57
-119,93
42,115
75,-74
-25,66
96,-116
16,40
-112,83
-113,-100
-57,-84
-41,-118
-122,-87
-66,-37
81,-116
103,-107
-115,-5
95,-92
67,30
-18,4
-109,-36
33,-106
16,-113
50,7
81,36
-65,59
124,94
-46,38
-15,70
-64,26
47,61
-50,-86
114,-66
-107,33
-7,29
-8,32
-92,-2
-77,105
107,66
109,-25
52,22
18,-109
-30,-109
27,-119
106,40
-49,26
43,33
13,58
-30,-19
-108,51
7,-64
-93,51
56,-106
58,-90
37,-25
34,90
-55,-44
-103,-82
-87,-7
-16,43
0,4
-16,15
-105,111
117,4
-39,-9
-77,50
121,32
67,-73
56,18
28,-18
79,76
34,-83
-60,-120
32,-73
91,27
125,-33
49,2
-2,10
10,-113
-89,-8
-8,-56
106,-126
-105,65
-74,86
20,-36
26,-105
46,-2
-63,35
-77,-8
50,-118
-31,32
-114,11
41,6
40,60
-78,45
-43,-51
-80,10
79,46
-60,-102
-125,59
1,-17
112,-120
-86,-56
80,35
115,-65
24,5
86,-113
-91,41
103,82
-53,26
84,-84
-85,84
-15,-10
-119,53
-44,-122
-34,-27
-78,-100
-108,-12
72,98
-38,84
-44,-113
-61,55
103,-96
50,119
-78,29
5,-23
-61,82
-128,-12
-93,-41
-24,-85
-78,85
29,-16
0,-85
29,-26
-28,-65
-79,-123
-66,86
-61,-61
-128,24
53,57
-73,96
44,88
-5,-95
94,32
-88,-86
-80,124
48,116
53,-16
-63,47
-90,123
-83,37
-45,90
-103,37
-90,64
106,-110
-89,47
7,10
-30,54
-114,121
-24,52
-9,26
74,-65
-92,-84
64,-23
45,-94
-20,43
65,-55
71,-107
97,80
-58,-71
69,-70
86,-70
-55,-51
-7,29
-117,-52
-11,-87
105,43
121,-71
2,-100
111,-19
82,9
-11,-111
-92,42
-95,94
85,73
-31,-33
68,96
118,70
92,-50
-24,-57
-92,-58
71,-99
104,-103
-6,90
-86,-48
50,-71
-8,44
-52,12
10,-10
-34,111
37,64
-92,0
115,84
28,-119
56,108
5,-39
-17,111
87,-27
84,4
53,-45
107,-100
-58,73
-61,-39
-1,68
87,29
-126,106
-38,-41
-110,19
106,16
127,-107
-29,90
59,-69
-124,-73
-71,-27
117,112
-67,100
126,4
3,117
4,-70
58,-55
-70,-124
-17,56
-75,-55
21,-13
100,92
56,-86
54,119
4,-60
-30,-101
-19,99
-71,103
-13,-15
-23,15
-21,58
3,-25
88,-57
126,30
102,-51
33,-47
-72,-91
-103,125
13,74
-46,43
82,-95
94,121
-110,-18
113,-110
98,-86
-65,86
-14,8
-1,-116
-100,-3
112,-3
-19,63
-81,53
93,-95
-43,-25
41,-78
-76,75
-37,-105
-108,-62
107,-39
94,-49
-72,-58
73,51
104,29
-54,-7
23,-43
41,-52
-30,70
2,5
91,48
-94,103
127,-14
-114,18
-49,-111
-41,5
83,118
-44,34
-98,78
-85,-56
127,11
110,-14
-23,-72
-120,-103
-100,31
-27,121
45,95
33,37
82,122
78,46
-102,-102
46,-121
-57,-5
75,69
103,79
-64,115
84,-65
12,87
-110,-92
-55,-47
57,-34
-33,-94
-113,68
45,106
60,25
-36,103
-80,-105
66,32
-26,-117
-120,-96
55,59
24,84
30,-87
125,65
23,-121
-90,24
70,-68
-25,-15
-51,89
126,-98
15,-98
-11,108
-26,115
63,-55
-55,93
-64,19
-19,-82
-18,14
-7,-115
-18,57
4,82
-58,113
89,10
0,-60
123,-42
26,29
-99,-115
-127,-56
-51,-2
-103,108
100,-90
-13,-80
-77,-27
16,-51
-34,-96
71,-74
-127,102
78,11
33,-52
-62,16
73,23
-78,-21
-94,91
46,101
-114,-74
-71,107
-35,44
20,-34
-22,-44
-57,88
119,30
-39,-36
-86,86
54,-54
-18,-98
-64,14
106,-35
14,-20
-32,116
-26,89
3,-28
-59,17
91,19
68,118
-19,-99
101,79
-114,29
-114,-54
20,-112
-11,-91
60,33
5,121
-113,80
-88,-80
101,16
58,-69
93,-50
-107,69
-75,-110
-117,69
43,-5
-67,20
20,-108
-78,-16
-57,50
-82,23
123,-97
9,-88
49,-80
-104,-85
-88,109
99,43
-48,79
114,-93
5,-80
39,97
-88,0
-14,5
47,-69
-23,78
-47,-25
-1,46
87,-44
2,-102
122,65
-59,90
90,124
-14,16
104,9
-41,121
-67,36
-122,123
-51,-21
8,-126
105,96
-54,-76
-64,-96
-9,69
93,-38
85,70
-95,61
-89,97
100,12
-48,-70
-60,63
21,-53
119,-72
22,79
54,-21
111,86
13,69
-23,-105
-32,-68
84,-28
-89,-126
87,54
86,66
-78,10
-75,75
-122,-46
-43,57
-51,-70
84,41
-97,-85
-86,54
5,51
-9,105
-34,-91
-122,86
45,78
-52,-36
-25,91
24,-84
-51,-68
24,-116
-21,-6
102,-127
-54,-53
86,-41
-95,-79
100,-12
-98,18
76,126
52,-128
-33,-28
40,-112
-58,97
-113,-7
124,104
-30,41
10,52
33,-79
49,-98
-124,127
119,-81
25,8
22,26
-52,9
-128,53
99,-85
-39,-40
-128,47
-81,99
11,108
-50,-32
26,-42
-56,-34
-22,-87
-60,63
120,-124
-107,85
3,55
8,-2
-14,-118
96,96
-71,105
-98,-37
-115,111
61,109
125,54
32,-47
-81,19
91,-63
-102,31
117,-48
-10,-84
93,-98
-68,34
-96,14
-53,-10
49,-11
4,16
-122,-24
105,20
48,-4
-38,-42
-114,115
19,15
67,20
-87,2
-29,14
-50,-103
-2,-74
-36,3
58,8
-14,-35
-6,-71
64,36
-115,71
26,-91
-97,-114
-112,-126
97,103
-16,31
118,-93
-103,-8
-43,7
-65,34
42,68
117,91
74,62
114,-72
-50,18
-24,-50
-36,107
-13,-105
-51,54
-31,63
-119,-93
-52,-32
-116,5
18,-79
92,-118
21,22
26,-89
-26,0
-11,12
-51,-77
-86,-124
47,-93
-17,34
-81,-64
92,-30
92,-90
-75,16
112,80
-52,-43
20,-27
-18,107
-95,1
25,-100
-26,-13
64,84
-63,70
-52,14
49,-42
55,96
17,-18
5,-80
-98,35
75,110
37,-85
-95,-28
-36,65
74,100
-63,70
-64,15
-72,115
-94,122
-73,120
126,84
55,-86
116,81
117,-24
-62,59
-89,72
-71,126
-128,-119
-8,87
-72,-105
-100,125
55,57
-15,-67
-24,-32
62,127
20,-122
88,43
126,-125
46,10
102,-102
66,-21
-126,14
28,-116
90,-85
61,-45
-127,-55
123,-51
-28,-115
-46,115
-128,41
-7,-28
36,52
75,52
-54,11
101,105
-123,-110
-90,106
30,68
75,-76
-63,-52
-99,93
121,66
25,-12
28,124
66,-48
49,120
-22,-27
-67,-72
-19,-128
-4,13
54,45
11,-76
74,-96
-17,-38
-66,89
65,-88
-27,-128
-107,111
49,-60
-28,102
79,74
-99,-28
-60,22
15,77
113,81
-55,-91
-49,26
73,18
-54,-85
94,-83
-103,-113
42,-82
-118,33
-33,9
80,48
24,102
67,78
-47,127
46,-111
-124,-31
-67,123
-36,125
-61,46
26,-79
-110,97
40,92
-56,-5
-59,22
-40,-118
12,-24
95,123
69,-109
123,-66
-22,42
-81,41
-53,-123
-12,108
-123,73
85,118
-100,-92
-95,107
28,66
32,15
-6,-73
-85,-67
122,44
-8,-84
-69,-95
-66,-124
-48,105
102,-30
61,-58
-128,42
81,78
6,4
62,11
14,-41
109,125
14,-30
-101,-81
-44,-79
-116,45
64,-5
-66,-60
29,37
99,-32
-60,49
53,-76
104,-34
-58,39
-13,-22
-14,9
-84,54
109,31
34,95
40,-35
108,-82
58,103
-99,99
29,-104
-2,122
51,93
-35,-105
-25,-82
-36,-12
-10,96
51,27
-24,89
-47,-47
115,74
-25,20
22,-73
-79,-31
59,105
68,-66
-76,-34
-82,-4
9,-9
-116,-122
25,110
-126,29
-117,-74
35,5
90,116
81,112
64,-87
68,-50
112,25
-73,110
-124,25
-77,111
21,-31
16,99
-53,-3
85,-84
-55,28
127,14
-47,-69
-91,-75
25,-40
17,-4
24,44
66,-49
89,107
57,126
-114,-112
82,109
-1,33
49,-40
25,-58
-95,95
88,-36
41,26
-64,-109
-55,-10
103,-62
52,-95
-78,47
-51,-80
22,-91
79,112
16,-121
-88,70
57,-37
-46,68
-127,87
16,96
85,-22
118,115
43,63
-96,32
95,-62
-78,-43
91,-102
-22,-87
76,-117
66,125
-38,48
20,-128
-34,-63
30,-24
-11,-28
-60,-12
117,117
-85,37
35,81
-1,20
49,-69
25,33
-65,-9
3,68
-79,-72
59,37
52,-88
-75,50
42,-69
-82,-5
-86,-89
43,-28
41,-1
-72,-2
55,-106
-54,81
126,85
-67,104
-118,5
48,-109
-117,9
-126,96
-4,60
-83,-38
-10,-5
-50,42
-60,53
-110,62
10,-24
-58,-111
123,-109
-39,-48
-56,35
-68,-40
-94,-116
-40,33
-17,-119
50,-60
-32,120
60,69
-41,-80
70,-66
113,-13
35,-3
20,17
-118,59
2,100
-39,-125
36,-44
53,-127
-14,104
45,-63
-22,49
56,46
-119,-117
-71,-84
-20,-48
-49,-4
-75,44
-18,51
-19,53
82,41
-24,32
-56,125
54,103
64,-80
113,33
-127,12
77,124
2,26
4,35
-65,2
-65,127
-122,61
14,119
-106,3
-15,-8
-110,-124
-48,85
-100,14
63,20
26,80
-84,84
-100,-36
-9,-92
-31,0
-36,-54
-30,64
-127,16
-84,-60
-93,27
-41,89
-110,-77
-109,61
-90,-124
12,47
-102,103
-128,-45
127,-88
-55,7
-61,-30
-36,106
-128,-16
100,-87
-36,-13
118,94
94,-24
20,-31
-61,51
99,-114
-90,126
-51,-122
-32,-15
3,-89
102,55
-33,20
68,-13
109,-126
-90,0
91,56
5,111
47,-73
-49,-35
-36,108
32,-92
-13,-82
80,-58
112,116
88,86
5,126
76,64
127,-90
-75,104
-117,109
-67,-89
-42,98
6,86
-6,38
81,-15
4,-23
126,26
27,12
101,28
111,16
-86,-114
-87,-5
-37,-118
-16,-29
126,116
73,101
-42,50
-98,91
-31,-64
-61,-82
31,-73
38,-118
24,-40
83,-47
24,120
97,11
77,59
-128,5
-11,-82
5,-47
79,73
-16,29
-37,53
-50,-84
0,-95
-57,97
3,44
-3,58
127,-41
-100,-26
-86,33
-54,42
13,12
-35,-18
66,-54
73,53
-74,-67
108,16
-32,-12
62,-24
-1,9
-7,108
-77,108
-31,-69
98,122
-63,-11
15,2
-62,-5
-60,91
-21,-65
-14,-21
-49,-17
79,46
49,27
-63,-121
-109,83
25,-100
96,-3
74,-37
-68,26
26,117
-91,-65
-64,-9
-16,22
28,80
-3,19
124,-80
53,-26
-81,-50
-92,53
-2,-86
-52,-15
-82,15
44,73
34,75
25,-83
-24,101
-76,-29
-2,3
-106,-69
74,32
75,-20
-2,0
-9,-34
-18,64
-44,73
62,51
23,82
78,10
-9,-87
-117,-59
80,-85
20,-22
50,47
-14,-22
-110,-66
43,22
9,-58
69,35
10,-81
47,89
-38,-55
7,-23
-72,33
97,-121
50,-66
12,-28
-62,-107
-6,96
80,75
77,-110
-36,71
-113,-9
109,-121
-29,40
21,-1
63,-112
86,-20
-102,-74
45,-105
-40,112
113,3
-44,-123
-91,-95
-22,-28
-95,-66
-6,-50
31,86
124,31
-120,-86
-66,-19
122,101
-25,-62
6,68
109,-72
89,-118
-91,-105
57,24
-52,-55
113,-124
-8,57
10,-15
-34,109
19,-55
7,-123
109,44
-2,-107
96,-92
-68,-98
-114,95
-42,-98
105,-6
35,90
-83,90
-21,99
-51,-112
-127,119
35,110
4,-55
-82,-92
76,-36
-12,-29
-69,52
-72,-110
114,17
-34,-86
-84,-102
-94,19
-104,-27
76,-55
-35,47
-49,-78
-83,47
32,-35
-60,124
99,0
106,-84
-61,44
53,-101
-3,52
72,9
8,-3
-107,-20
106,-84
3,-33
105,-46
109,57
-94,27
-124,12
81,-59
-63,53
42,62
34,-53
-74,-37
67,65
-97,93
99,106
20,126
50,127
79,-17
-30,3
114,117
9,-60
-48,22
-88,-57
36,-108
108,62
0,42
39,-84
70,13
119,88
-32,29
-112,27
-97,-46
122,67
79,105
24,-42
38,73
-55,56
15,121
-103,41
-5,-80
16,-105
18,75
-36,93
52,-65
-41,-119
-90,-87
90,47
-126,65
-122,-53
69,5
-110,58
44,-64
-76,92
-123,97
0,89
-109,25
44,-101
24,73
-2,-61
38,-128
10,105
-23,-80
114,115
-52,80
-8,126
-85,54
-104,-74
89,45
-110,80
66,106
33,-4
-75,101
-90,24
49,-27
-41,-66
-45,85
-48,83
-38,113
-48,-101
51,-29
-94,74
38,61
-55,52
-16,-83
21,-77
53,-24
94,35
72,-3
-9,111
42,-100
1,-64
78,91
-54,-100
-97,-45
-53,-114
95,-70
-49,-82
-128,-113
49,49
100,-10
60,92
31,-111
91,-119
-9,34
25,-48
-80,32
-75,112
-106,-112
-30,111
122,-40
62,-78
-78,105
53,124
96,-9
-77,112
4,-7
60,58
-56,12
-122,82
109,-8
55,-103
-46,-128
-37,10
75,-5
119,19
2,-62
-120,15
-24,105
84,109
17,13
-71,-54
42,73
115,101
63,61
-15,-75
96,51
64,123
-1,-11
-95,-92
33,-69
-58,48
-7,-123
26,38
62,74
2,101
-111,-100
37,87
-69,-39
-2,-51
-57,42
127,34
-111,99
105,93
76,-94
-99,-102
61,-91
-91,-94
68,-81
-11,-54
-15,-118
-69,25
28,-88
-100,59
85,95
-81,32
68,94
79,25
81,-22
-83,14
58,83
108,-23
121,69
6,-76
84,89
127,-13
47,61
121,-31
68,102
-4,41
20,-18
53,2
-76,47
1,125
108,115
-63,78
94,49
-63,-35
-69,-57
-4,-53
76,69
32,-105
-112,67
-17,-1
33,8
-116,50
-94,120
85,26
-4,57
19,126
90,-56
77,-92
-78,29
48,84
109,124
-43,-107
112,-58
84,44
54,6
17,-118
86,-84
-93,-62
86,77
46,74
44,-19
-92,-51
-14,60
58,-61
-17,-49
113,118
-125,-24
90,112
-81,-29
-109,-115
114,24
-47,9
50,27
-109,-92
34,-49
-99,-128
22,-1
69,48
-70,-97
-68,-14
-127,-1
-57,-45
-112,-36
106,-45
18,-75
-119,36
112,-96
7,-47
93,27
77,-29
72,-25
42,76
110,69
-85,-105
34,22
-24,15
30,42
-103,-9
-59,-8
-41,-39
-21,-109
-10,-34
-124,117
75,17
-104,12
46,-60
-101,48
47,-74
-37,-103
83,-36
-125,-102
117,-10
-38,53
108,-42
-69,82
-107,34
-21,-114
-102,63
-102,-96
-71,-27
38,19
-48,-67
-80,-24
64,100
-113,55
-6,-65
-85,86
100,4
-83,2
-77,3
-37,127
-4,22
67,24
-96,63
47,-18
52,76
-56,-90
-15,76
-91,-40
-124,72
-125,-4
-62,46
94,-3
-60,-104
56,30
-83,20
112,-74
-13,-43
-79,-31
-101,-71
36,19
-10,-115
-59,-43
-103,-10
-33,-43
71,30
-43,-111
-42,56
-29,-38
-32,121
101,104
104,12
70,-33
85,-8
74,-98
-29,-89
-26,-79
-106,-110
58,-24
-102,87
-116,20
-9,-15
42,-50
82,-111
87,12
-112,22
2,-69
-120,75
-82,-60
-16,33
88,71
-26,13
-47,34
46,-93
-10,4
51,99
104,-5
52,125
2,-101
-110,-75
58,47
88,123
71,33
-111,-84
67,-49
4,-110
35,120
-19,-54
-16,9
-26,-106
-68,-32
48,36
-80,16
9,80
54,61
-66,-81
-87,-33
-80,-48
-44,16
-8,62
-77,125
-112,85
41,118
-4,9
-107,123
-112,-10
68,59
-126,92
-74,76
43,-45
-18,-84
47,-85
-102,70
-107,-11
49,79
-49,50
-96,82
117,-61
-104,-72
81,-119
-39,102
-83,123
-83,-22
-65,126
-65,-76
29,3
63,-17
-14,-12
-97,123
-126,-96
-88,70
109,54
80,20
-5,107
-103,21
116,0
-59,115
126,47
-3,-66
20,-39
-22,0
70,-112
-58,-64
-57,-52
123,88
120,-85
-1,-9
-122,14
-114,-81
29,103
122,7
-52,64
79,93
-73,-76
58,38
-123,-16
-7,-8
-64,90
101,-69
95,22
110,62
81,11
-121,65
81,-18
-47,-127
-31,-10
104,-95
54,-23
119,-46
107,-67
88,-48
-13,-68
-94,-71
-128,90
-108,-121
-70,49
93,0
-125,-100
6,-63
-128,0
-2,112
-45,20
-10,98
-114,-67
-111,-40
32,77
125,-18
-97,-23
-114,-37
-93,65
-71,-92
-90,-125
-69,-114
110,23
10,109
-30,-96
110,62
102,-81
-93,124
5,-32
33,-112
-46,87
-110,-103
16,108
-42,67
-42,122
23,-100
-38,-73
-73,-67
-29,56
87,11
51,-22
-102,-127
60,27
77,-46
-92,-66
79,-86
43,-126
-60,-65
46,-30
-95,16
110,-127
-31,94
-15,-90
60,22
65,-60
66,54
37,-104
-81,115
56,108
-93,-47
77,-120
-16,94
-98,18
-115,-73
-25,5
-19,49
-104,59
-95,103
69,-60
56,113
23,-45
29,-47
9,-89
67,-92
-74,-71
-8,-116
62,-29
-92,121
-27,94
-91,31
-81,1
35,-61
30,-21
-3,-57
-105,-111
-35,-78
-102,7
-5,-59
35,-15
89,33
57,-93
28,-18
-53,-37
120,-101
18,-32
-45,-36
4,-4
4,108
98,-112
18,67
77,119
-74,25
70,96
78,42
-47,62
112,67
62,69
65,5
79,81
-2,-33
59,80
-106,97
-43,-126
-54,-61
-64,-67
-6,38
-106,72
74,86
-26,50
66,51
-41,109
-11,123
-1,-96
20,-60
46,-99
-8,-1
-99,-33
123,85
15,-59
51,102
73,-4
53,59
30,120
-10,127
-91,93
-26,-66
1,-60
-28,28
32,-34
-20,112
-114,-75
48,-92
107,41
90,-14
76,83
21,-24
-79,84
29,110
-17,91
108,68
-106,23
68,-59
72,-22
-103,121
3,67
-97,3
76,94
-18,-71
96,-67
42,-89
-27,-74
84,34
-28,105
-53,96
32,28
66,-7
-113,-39
-101,-23
-26,-21
-12,-80
-2,2
-125,-124
59,-20
70,-36
37,94
-88,8
-64,-13
36,98
-98,6
-36,48
-80,44
-64,14
77,113
-53,-59
-97,83
-10,-121
-121,123
37,-80
16,-60
110,79
117,-77
-69,24
93,-85
-82,-11
14,52
-70,55
-72,62
-111,7
59,85
-17,-19
82,80
-25,-110
127,-19
-74,121
-78,60
107,-66
-127,-125
-47,3
-23,-37
-72,-93
89,96
-60,69
-25,-91
-21,-64
0,73
73,16
113,-88
25,89
53,-4
11,-76
24,69
-95,29
-25,9
-6,-84
59,-104
21,48
-38,64
-25,51
-99,-59
23,-54
87,45
36,-65
-5,29
-3,-99
-127,-128
113,98
-60,56
-8,-120
-14,-87
35,-102
-63,-24
-80,-84
-72,77
38,-124
82,31
111,103
50,13
-64,-10
86,65
-53,-100
-79,11
-102,61
83,-18
0,-91
-59,-63
-124,77
35,50
109,126
89,-23
61,74
-15,77
2,-94
-20,-78
-34,62
-71,-1
106,71
123,-102
101,-47
-71,57
-118,-101
-94,117
110,-20
-100,-123
-35,92
-24,112
-52,71
41,90
36,-61
-71,77
121,-18
-123,-30
-69,-117
-7,-111
-127,9
46,-56
29,126
-26,96
-12,-56
-116,61
-121,-96
31,-128
-50,-115
-68,-14
81,-37
-46,-118
-4,87
-124,-123
-37,74
-41,-9
21,28
-102,26
-113,22
-79,2
50,3
-105,85
50,-43
99,-39
-60,116
-27,68
-12,-31
-73,-34
18,-35
52,88
-40,-108
-92,101
35,-54
-18,3
-49,-83
-98,7
-97,-127
37,64
-24,18
10,121
24,28
27,-7
97,-74
-31,-84
-52,24
108,-11
41,73
111,23
-80,-10
30,-82
101,13
98,52
71,-36
35,-111
127,-5
-107,-43
-125,-102
53,-66
46,56
-71,-64
-102,45
-62,45
-23,-14
-78,107
118,99
-96,-79
96,37
30,-4
38,112
116,76
36,76
-18,-127
31,13
-82,80
126,-82
-111,-56
24,76
44,28
-97,99
-72,-12
89,-23
-35,-94
85,35
101,104
6,35
-96,-56
-29,-44
113,-85
119,124
26,8
-62,-22
115,125
-47,115
-60,-24
-76,-35
-48,87
41,14
21,-56
105,1
-6,63
109,62
-71,0
83,32
52,114
70,-65
70,-116
12,-78
87,-119
103,69
15,-28
-108,-115
26,95
117,120
90,80
-97,-61
-40,38
54,28
73,33
123,103
75,10
-32,-19
64,-93
-40,104
-68,84
-79,83
-87,121
95,83
54,-48
120,-92
-5,94
50,79
-60,8
18,77
0,11
100,-29
-89,-10
48,98
-29,10
55,-15
55,63
90,29
98,50
0,-1
2,-83
48,-46
-110,-116
-24,-73
109,-64
24,-41
63,15
66,124
-102,113
-105,119
-98,26
-41,-88
87,37
-85,42
88,-23
-6,-125
-15,64
-117,15
114,23
49,65
23,3
65,-92
29,21
-106,83
-28,-76
78,-60
111,124
97,-88
90,-102
1,-116
4,32
50,106
-70,0
101,-85
82,-83
-93,-19
-116,106
-60,122
16,-107
-62,-107
75,-15
-106,57
84,-118
71,32
-49,-120
-43,79
18,61
-57,-126
13,64
14,91
17,120
-70,-67
2,-14
-34,28
4,102
123,-19
32,-122
-97,-37
-25,-39
84,49
30,-35
80,89
15,-126
66,105
-70,-108
78,54
51,64
-22,-70
100,118
-13,-4
58,102
104,-81
-69,-29
-106,126
-92,-96
94,-14
-110,28
120,-121
21,96
121,31
-75,110
-119,101
75,-119
54,-101
-92,-128
92,0
91,-101
-13,97
-41,103
107,-121
-91,-108
98,-115
-20,43
92,-106
-77,-67
110,-7
49,21
66,-127
-69,-36
-17,121
70,24
6,-80
116,-72
-62,-100
101,-19
-78,66
-45,90
99,72
46,-60
27,-92
-84,25
6,38
-92,-69
96,121
109,10
-19,-63
8,90
-67,-39
-3,40
103,96
58,126
43,88
-54,68
-111,-48
-32,-52
97,13
-12,19
-53,107
-127,-9
-113,23
116,35
124,-65
79,-10
23,68
2,34
-111,119
-55,72
-78,120
-101,-127
33,100
58,-103
76,-2
-28,79
1,51
95,-16
13,-48
-79,27
-38,-80
73,-61
-66,127
126,42
-43,82
83,-45
-79,-30
0,-9
-121,63
41,115
-18,-82
49,8
127,-114
-110,82
114,-102
-45,112
32,83
118,-125
77,8
104,-125
25,125
75,-31
57,-92
109,-98
53,-39
84,24
95,72
32,4
21,104
-115,-39
-9,58
47,1
83,46
86,-61
125,104
-26,-16
-8,46
87,-20
60,-115
107,-77
-65,28
70,-27
-110,116
-32,62
-15,110
114,60
-81,-72
-73,-70
52,-56
-53,-13
93,-56
-122,-94
-22,-25
5,-62
93,22
-20,0
103,-66
82,85
-54,-53
127,-104
-105,-62
34,-119
37,123
-8,-109
75,38
-125,28
-106,-67
13,-6
35,51
60,51
-114,-7
-78,49
-62,45
75,31
42,119
-49,-108
0,70
-124,70
79,-104
-57,10
-87,-23
-4,31
32,-118
58,121
30,-37
40,-25
125,-56
113,125
-73,11
-90,59
11,71
-120,-99
-43,94
80,55
20,121
-13,96
70,-102
106,30
-70,-121
-77,35
-43,-39
-124,-65
85,48
82,-66
-25,-38
-124,3
114,-74
-74,62
85,65
-43,-60
49,47
25,85
61,68
-32,-116
89,44
-31,-116
-31,-50
-89,127
9,-3
60,-117
89,33
-55,-112
-115,-23
-15,-95
9,-37
93,-69
52,-22
-126,-127
-12,126
12,-67
29,124
71,-49
17,17
57,-103
29,99
105,-115
-7,-35
3,-89
124,106
-5,-49
-80,-86
126,111
7,-112
94,55
-98,-119
-75,-121
-33,66
104,109
71,-23
97,-2
100,-37
97,73
-25,40
106,-77
-44,-92
37,2
118,-49
-37,122
-65,-92
69,12
-61,-10
42,-78
-111,85
38,122
-30,72
43,-43
-92,79
20,68
10,-96
-118,-59
118,-73
87,-14
-53,-99
45,34
14,74
8,18
-84,87
89,16
78,-111
-85,83
34,-14
23,106
4,-76
-41,10
-110,67
-114,113
112,58
-63,63
38,23
-5,-109
70,34
33,122
57,109
113,106
-121,28
66,78
19,-57
-58,12
109,56
23,-107
-92,50
12,-67
18,-117
-61,25
-74,-44
-115,6
-107,-28
46,-122
123,-125
92,79
69,-99
-116,-84
-90,85
-106,60
107,19
-88,33
26,69
68,-88
-114,106
31,62
-53,-120
-94,-104
36,-123
-33,-96
-109,17
30,106
81,-81
-35,-86
-53,34
122,73
-42,-23
97,4
-70,-88
82,-110
-80,-71
-67,60
-103,86
19,27
-37,122
-55,-115
5,103
76,113
29,52
-90,123
26,54
-50,36
11,55
-9,-91
81,89
-77,23
46,37
-4,44
41,51
4,-63
121,-69
82,-83
-6,-110
-119,-30
-40,123
-108,10
-45,23
-128,-102
-4,-55
63,2
-76,38
-35,71
-74,-88
34,-91
-71,-23
-5,-108
119,-101
-107,-19
-26,31
1,-54
127,33
60,-100
-4,-72
-43,74
50,93
-13,114
12,29
-103,-83
-57,-3
-114,-4
44,121
118,79
23,-77
19,91
-84,-53
-59,90
69,127
-34,-112
-61,-70
42,72
-66,125
124,73
-27,-51
74,4
-109,38
-102,30
17,21
41,102
-69,33
-71,-22
89,-93
122,-52
66,-70
43,-76
-113,-58
84,72
0,97
-15,-27
-89,-29
-13,115
-102,61
53,14
8,53
76,82
-77,71
-4,29
-18,118
122,107
71,-57
41,45
87,96
126,-31
-62,109
-42,84
-92,2
57,-69
114,-38
113,-71
127,72
-53,-104
4,110
116,-13
115,93
54,-45
-87,73
79,-11
-60,-51
91,121
-33,-68
-118,-76
109,43
-24,122
29,-116
-21,-47
102,-93
-27,-72
85,-35
-42,44
10,113
-1,43
-58,119
81,99
58,-89
110,-30
59,-5
18,-45
20,94
-67,56
-11,108
93,-19
-111,-87
-41,-128
-30,-58
-74,110
-92,107
-126,-70
60,92
-19,103
-60,12
-103,-125
106,5
29,-115
-110,102
103,20
-27,120
-70,35
24,-117
-40,-19
-47,-14
71,42
-61,-49
8,37
14,101
20,65
-101,94
119,-101
36,-117
-54,49
34,-4
-97,-82
-29,-80
76,60
-103,92
78,117
101,1
52,-98
-10,25
-47,-25
-96,75
-49,96
85,32
59,25
-76,-15
-10,114
48,97
110,-107
-67,93
33,88
49,-41
60,51
-18,13
-127,53
20,80
5,32
-39,86
-29,-8
1,-38
-100,-31
92,93
-41,-87
-35,108
125,96
16,-95
-6,-16
28,-63
125,-17
-100,37
-96,-82
-77,-116
22,-9
-14,-54
18,-128
99,126
10,-93
-19,114
-81,-90
28,-107
-119,-35
119,-111
-50,127
78,7
-40,-109
-95,-72
-111,-36
83,44
-81,-39
41,-34
-116,30
20,13
-109,-83
64,45
-103,-93
-32,75
49,-51
-93,-96
55,127
40,114
-45,7
-113,-62
16,7
29,14
80,8
-85,-83
73,83
-55,-26
80,80
52,49
-114,-104
110,-3
-14,120
-32,56
83,-25
70,112
-15,82
-34,52
-119,-12
-47,3
98,-92
82,61
-72,-111
109,5
37,-44
-89,62
80,62
-95,-112
-78,-49
124,-93
-9,-98
25,65
-121,-14
-114,21
25,-120
-122,-116
29,-81
40,-11
70,-62
98,3
39,110
50,13
-29,26
-99,19
-103,80
8,0
103,-14
-59,76
30,-39
123,-6
117,-38
-42,126
-31,-100
106,16
-88,-7
25,7
106,29
-88,64
16,9
116,1
-107,-27
100,-77
-112,-19
66,2
-41,23
-103,-48
-28,-114
-1,79
-107,57
-115,74
-41,2
-109,-126
-36,-48
-47,5
93,-119
-13,-70
106,37
-16,-4
-98,-120
-57,-60
47,-13
-86,2
-121,-128
-106,-96
-14,-27
-29,91
-56,102
103,-30
-47,69
92,62
121,83
111,79
75,-47
-16,-42
52,109
-58,4
-8,94
24,-91
-114,74
106,81
59,-2
72,-2
-128,107
-7,25
85,77
39,38
94,78
-9,-90
-2,-90
-71,-1
-125,106
-25,1
107,-5
-16,2
2,34
64,98
-58,-105
89,23
-72,-5
-26,47
29,-74
125,-54
17,1
-120,110
-107,118
-36,-70
25,28
-13,38
72,-11
-9,-89
48,-43
33,-88
11,29
-59,-10
14,-79
-90,59
-1,51
-58,-16
127,50
40,61
48,110
73,-82
101,91
19,-75
-87,46
91,-58
119,-71
-76,43
-125,33
-84,-15
-2,-91
-82,50
-118,2
67,-10
4,-55
2,85
124,58
-114,110
-28,35
19,12
37,-68
-110,43
116,12
-17,-35
25,109
26,103
91,55
-34,78
11,101
79,-37
-119,-87
7,-115
-10,-110
-90,28
54,-111
-64,-106
15,-45
-69,-17
67,82
-34,72
62,88
-124,-59
81,-34
100,61
-24,68
-2,-123
113,56
-71,57
100,118
32,-50
-110,-119
-60,33
-114,-64
109,31
-17,91
-37,67
66,-116
122,-44
-73,-60
3,102
121,-96
-59,55
1,-97
-87,-44
-93,-109
88,122
12,45
-10,101
-61,-1
35,110
-64,-34
-98,-101
41,75
15,69
92,19
-33,30
56,-9
82,-53
27,-59
-38,-30
-63,-65
64,8
-3,77
33,-56
-64,104
-89,106
-29,-12
108,77
-82,3
21,-21
20,35
8,-81
-63,76
-3,20
-54,-70
11,-127
-84,-56
125,-77
-88,-90
79,86
-98,-104
74,16
65,118
-90,12
-113,-70
-17,-43
25,-90
-92,14
72,-55
3,120
82,-83
63,-37
104,-87
-113,-35
79,-17
-110,1
-54,125
-28,30
-117,-111
73,95
-33,-9
10,45
38,-100
39,15
83,12
-61,5
-30,-113
-5,-47
5,36
-71,-88
-88,125
-73,74
-86,54
43,-112
98,-100
-31,-78
-106,-14
-98,74
56,-23
79,-16
-21,-61
-127,-34
-7,-17
78,-22
126,-9
-98,-112
-5,-15
90,70
-75,39
-120,-81
73,-89
4,59
-99,123
21,-87
105,70
-61,27
64,-67
68,92
64,-61
23,-36
121,-118
-89,-61
71,89
65,29
-16,110
24,115
-106,89
113,-126
99,-19
75,69
-119,32
-110,-12
77,105
91,120
47,-115
51,19
56,117
81,11
66,-85
-120,111
17,-3
34,25
53,25
18,13
120,-8
118,-26
120,-65
118,126
17,29
-91,90
47,91
-34,-125
114,87
-67,-81
-52,-94
-113,-80
-11,-26
49,54
46,-41
64,22
-72,25
-95,-97
-17,-36
-15,-35
-118,-117
-96,-75
-39,-77
33,59
102,-56
34,-13
-53,-6
13,-48
-47,93
-36,-93
-69,-31
33,-4
110,18
-71,117
-12,48
-99,67
38,74
-52,-52
17,80
89,7
-100,-72
118,84
125,-116
45,69
124,52
-69,-107
-98,87
-109,37
96,-17
8,49
-117,44
-12,-62
10,-64
-21,-105
36,36
106,-63
-22,-27
21,-94
15,65
-114,35
-90,-37
122,33
-128,-110
108,118
-20,12
-88,35
71,-83
65,-16
-111,57
-97,-12
-18,-89
-23,-88
-107,-72
5,-120
75,57
-33,75
72,-3
1,-83
-53,127
-65,-90
-103,35
-122,101
13,98
-124,-68
-66,36
-126,117
36,-36
-91,98
122,80
-122,49
62,-124
8,-35
1,-30
68,-100
-82,18
-119,-51
-2,-104
-6,-77
5,18
70,71
-27,-110
36,-11
-113,24
-1,-86
17,38
-68,-107
-48,-119
-22,56
-94,-33
66,-111
92,81
94,-75
27,58
63,-65
37,9
29,52
-18,-23
-59,62
50,67
-103,70
-42,-124
61,13
-11,59
49,-55
-88,104
65,-30
-80,102
36,-101
20,-13
-40,-64
66,-119
71,-67
12,-101
-40,-1
-112,-26
73,37
-125,52
-73,49
-101,103
-36,-89
-39,-30
116,-120
58,-105
125,-89
-115,-126
93,-59
-14,83
-105,91
14,14
47,83
-7,76
-41,-92
-81,-39
69,16
-15,-111
-50,-47
-56,-124
-109,-5
3,-87
55,82
-11,0
-8,-23
84,75
-60,-109
-37,-113
-52,-16
-100,121
-6,107
-98,104
77,32
4,-38
-112,-75
12,105
-18,-79
69,38
115,62
117,-64
-34,105
-27,-37
-49,54
-120,78
3,24
-40,-65
23,-7
25,7
121,-63
31,-87
112,-78
-22,-54
64,-80
-122,99
98,-117
-110,39
61,-107
-67,-83
69,101
3,17
46,3
56,25
-62,72
90,-113
-121,-38
107,-111
-42,-60
38,-94
-35,73
44,104
38,-89
-118,53
102,-72
60,111
65,-57
6,-24
0,25
-46,59
35,-19
42,-4
10,97
72,117
-93,-75
-90,-54
-94,89
124,47
96,-38
-108,-60
-6,-127
40,103
56,-125
-1,92
-105,11
-64,32
-128,112
108,-45
75,-88
36,114
91,100
-47,104
-15,-67
-56,6
111,-43
-88,-117
-109,-72
-55,123
63,52
125,22
57,100
81,30
44,26
29,-43
76,-7
-43,-47
75,85
-94,3
-15,107
16,-124
107,0
-29,-126
-4,60
-65,13
10,121
110,20
-47,-55
59,-15
76,-80
59,-93
-33,-71
67,20
-87,-2
-53,-72
106,90
-52,107
55,-104
-61,-83
-48,-11
113,119
72,-89
-40,-128
36,111
-12,0
-79,-37
37,72
-92,-73
21,37
-80,69
-55,-27
-77,-11
116,107
-2,100
-53,-47
115,3
81,97
0,-96
94,-110
-100,58
22,-11
-75,-91
45,-59
111,103
118,-44
33,10
78,-28
-13,-86
-38,-33
-121,99
-71,-81
86,-44
100,-13
52,78
-80,-10
10,88
-45,-124
-4,14
-110,91
-99,-5
1,-104
-34,76
33,23
118,114
-111,-28
-45,101
18,26
-23,-111
-12,-92
86,-106
-117,-121
68,-98
-26,42
6,-88
-30,-90
5,-15
61,98
40,-10
-43,30
-11,-15
58,-24
120,-107
-119,-55
-33,-113
62,118
12,-45
-113,-105
-100,97
102,71
-36,-69
2,-1
-83,116
-32,-105
-115,9
34,49
-2,85
8,87
-88,-84
-87,-22
-92,70
-74,37
76,83
36,50
-46,-90
-127,-77
99,121
-59,-111
18,-13
120,2
-41,-119
29,4
120,-68
-54,-82
85,120
10,91
-86,60
-37,-88
-125,-92
-74,-71
76,-110
43,107
-29,-73
-112,-100
108,-55
-79,16
-100,104
125,-30
16,-5
1,-50
44,-46
1,-11
69,-44
-17,-7
-68,127
3,-14
76,-116
118,-94
-107,12
38,10
-1,-7
113,50
-106,-28
-99,24
61,61
-31,-76
-98,111
-71,-83
-101,-124
-85,-13
-89,-24
-51,15
-88,-120
50,-18
37,97
-6,-106
35,-101
-117,-34
-123,13
-43,55
-44,29
108,-75
36,-25
9,-91
113,84
88,-32
22,74
-68,115
-21,-12
38,-30
96,-88
-47,-69
103,-66
36,17
-112,112
91,39
111,-37
13,22
39,-61
108,-11
-96,1
127,-22
50,-71
48,9
66,6
79,-61
-117,-104
-34,99
50,118
-40,118
-21,-23
27,-101
-70,-90
88,-10
-117,-9
-69,-104
34,56
41,108
-19,67
17,15
-105,58
-67,115
8,127
-99,-64
-45,-107
-72,23
37,30
72,31
119,67
75,-86
-30,-28
35,-96
-41,-97
-21,59
79,-52
-83,110
26,44
-66,81
93,34
41,-43
-82,-100
4,-26
121,-126
-59,-24
108,-117
-70,-26
-74,-106
-50,120
112,15
-9,-120
58,74
-72,0
-121,89
-29,-109
-35,-107
-90,45
75,-5
-118,81
-20,-43
-87,-59
106,121
85,31
72,78
21,109
21,76
39,92
-68,125
37,-57
-52,119
-124,72
69,-109
50,-69
64,49
24,53
-111,-64
-88,-32
-70,-125
113,78
-104,-101
64,-128
-74,9
-15,-73
93,-21
-21,65
41,-13
59,27
45,-31
-41,21
-91,11
-78,-40
-24,41
-59,-116
-27,82
32,-89
-27,-12
-85,44
-81,60
90,-37
6,13
-96,2
4,-10
-112,-102
-124,-44
109,-13
-24,4
61,15
-98,-48
-41,114
37,57
75,-119
52,67
23,124
-85,28
-83,88
86,-113
-46,-79
74,-91
-115,-70
99,-112
16,-42
-86,111
-68,-109
-18,72
37,-70
-97,-67
69,119
84,112
109,-16
86,114
25,72
99,-89
59,-52
11,64
57,36
100,34
109,82
-84,-16
-21,42
-4,-45
81,47
-17,-82
119,-50
18,12
7,77
95,-122
120,-48
98,-55
-65,72
-52,47
-17,-128
-89,-90
-11,-102
-36,36
-70,-15
-124,28
109,-42
26,3
-68,-83
-127,-42
81,42
113,-119
-76,44
99,-99
39,-23
62,-27
33,-110
11,-3
22,123
-77,-12
91,6
110,-44
-125,45
113,96
-51,81
-68,-88
-78,-72
116,49
-65,82
-14,83
52,-75
-42,19
104,-107
24,64
-52,-127
-110,-24
87,-54
98,19
-124,127
-59,98
93,53
4,87
-8,120
-78,-57
31,117
-106,-117
100,-113
99,-16
-81,15
-60,89
-98,-1
-88,-81
32,54
-124,-9
92,-6
-87,-94
-94,95
-12,-27
93,40
113,22
28,-60
-80,-84
-79,-40
-3,87
-74,119
39,95
85,-128
-62,70
99,4
-48,-48
74,21
-14,-124
107,1
-118,43
9,-48
37,-107
-34,-80
8,-76
-112,110
-52,-20
93,15
-60,59
31,-85
-71,107
-104,109
33,-39
39,93
95,-83
-82,94
74,97
-108,62
29,-92
14,-63
-88,27
52,103
-21,-108
114,-80
126,117
-16,-52
10,-66
-107,113
-5,120
-11,-58
-37,-114
-103,71
-15,-27
6,-126
-119,-88
123,-85
-28,75
68,54
10,-41
72,-93
32,-35
99,109
-75,-68
-81,53
90,64
-13,67
-114,45
-120,89
-23,89
-47,-105
-91,89
11,9
-33,97
-92,-37
-3,31
-35,-1
-49,-96
-123,86
79,-28
39,-114
-18,-29
110,74
-35,120
-96,34
-25,43
81,-42
-35,7
-59,90
0,-76
-125,-112
118,100
-101,-47
-17,9
100,-4
-116,-28
-91,94
97,-10
67,-75
-126,-121
73,-6
94,25
-30,-40
-22,71
-95,-88
47,-116
-13,-2
-84,85
33,81
-51,-94
100,-33
118,106
109,-54
100,55
-96,19
35,-35
-56,-35
39,32
72,-99
64,-118
85,89
23,85
44,-73
62,-1
-85,58
-33,-43
-48,-128
4,38
-82,34
-86,-68
83,66
47,-102
-52,122
-80,-73
64,85
114,-47
7,30
-127,15
35,71
2,76
-67,72
-17,-6
-83,-10
90,-5
-96,19
52,-1
-116,94
95,-45
69,103
-9,-89
-41,-3
106,-47
-69,-56
102,-127
121,-20
25,-78
117,26
-98,-85
33,28
-68,-115
-125,89
34,23
-62,42
33,97
74,91
-29,-53
100,122
-81,-80
-93,125
-5,125
-26,75
-80,-126
-101,-116
-3,38
90,30
-108,56
125,-51
67,-126
-48,-25
-76,-23
-10,-109
81,-118
-44,-76
-87,-33
-116,-103
-92,-55
-24,-91
-27,-58
-28,110
121,-73
118,-30
-104,18
59,-120
-59,106
44,53
-115,-42
-74,-93
91,-28
-45,-64
-7,37
-72,116
8,127
-56,119
120,-107
60,-15
-80,51
71,-3
-42,-6
34,51
-70,-6
80,-8
-40,-80
-35,54
-95,95
-41,57
-24,1
122,-93
-120,61
-93,69
93,51
-46,-7
123,-16
-111,-109
-127,114
-113,10
65,-125
8,109
-52,85
47,-71
-32,-89
41,-56
23,-86
48,33
-72,-17
29,-54
-43,58
-79,-108
-100,78
1,-43
61,-111
104,126
-45,61
-126,-43
-124,-121
22,-52
67,-23
102,-62
25,-127
0,103
106,-36
57,-90
44,-35
80,-43
-12,68
-60,41
111,-94
-9,-90
71,-49
-87,20
-102,109
101,17
-107,74
15,-33
-115,19
-41,119
-23,-37
-9,22
-127,31
34,-124
32,-12
-115,79
60,95
-90,-16
-38,-36
-12,30
14,51
-84,121
73,51
-22,-123
91,-48
-8,-59
-67,-25
23,120
102,-59
108,73
63,-29
101,-119
-79,-22
69,20
77,32
-79,74
-17,37
-93,42
-15,6
-91,-119
-17,81
-63,0
70,43
55,-61
-44,119
110,-42
-109,11
3,-123
108,10
-6,-80
85,-31
-113,11
124,112
-50,-100
-29,35
-93,29
54,89
41,-33
-73,27
-76,-98
-72,-95
-116,-33
72,-63
-16,30
-100,-86
-50,-21
105,25
43,-110
53,102
14,98
78,11
92,11
-103,119
-114,-1
93,44
93,-57
39,61
75,18
-13,13
-38,22
67,-52
41,-118
86,-37
116,90
63,15
67,-122
111,120
-35,100
-74,-23
-45,86
0,-87
29,-87
0,-64
16,-48
-116,26
-106,-117
-20,58
-16,-122
-49,18
-124,-2
-78,117
-104,-58
-11,110
73,67
27,-79
25,-32
-3,-24
80,-60
93,76
-96,97
-76,98
47,-78
27,117
109,-74
126,-39
-126,32
-26,-16
-61,-48
30,99
-75,-69
-90,-22
-64,-88
-54,21
-46,119
-118,-97
94,-7
-8,-93
39,-109
-111,-123
-127,52
26,-91
87,50
65,-126
-114,-52
42,-23
-113,-87
61,-26
-74,118
-105,-117
5,61
93,-63
82,-117
109,-86
111,-25
63,-53
93,-98
-47,52
-112,-56
33,-53
-121,51
-13,-37
-4,23
-122,-114
-78,-125
109,-113
87,119
-99,28
-95,101
116,99
-7,-31
58,72
87,97
73,-36
71,66
-69,-102
16,-56
47,-43
-89,-82
84,-122
20,119
-111,50
105,104
118,8
65,12
26,-60
117,71
-62,-122
16,15
-66,102
-126,-101
49,36
1,87
14,-120
38,-89
95,12
95,95
-110,7
57,50
66,10
-42,-81
-79,-55
-37,119
97,-13
-30,71
-40,-121
-128,-93
8,-17
-115,-95
126,73
123,-82
-89,55
-87,-60
47,-49
-70,110
-29,61
-79,56
92,-7
97,-56
127,-126
-105,-5
-86,113
63,65
10,-62
-75,-19
93,44
101,18
-59,105
95,25
-81,50
55,-47
110,5
-61,76
-73,-40
42,-61
-116,-115
-40,36
-36,-127
-62,89
82,-120
49,-3
-83,52
-52,9
42,50
118,-108
-5,-85
77,0
-15,-74
-66,-87
-74,89
59,96
-102,93
-98,-101
-54,9
115,127
-90,48
-125,98
108,17
20,-94
-83,53
-111,98
-26,29
-51,47
-120,76
-92,-1
47,36
117,-24
12,5
68,41
38,112
-81,6
74,116
-127,9
79,-3
-1,-48
112,-109
125,-125
-76,100
-35,50
-73,-34
-125,-112
54,61
105,10
-44,119
124,112
-11,-69
89,67
-72,-78
33,-53
118,12
-27,-96
-59,119
59,88
53,27
-5,38
-58,-19
-103,-118
-106,46
62,107
97,33
94,43
-116,56
105,79
114,50
-15,-64
80,-26
56,-20
-91,9
-126,-114
-122,57
-88,51
-66,125
92,79
48,-2
97,-45
-66,-81
-24,35
-76,-60
36,106
-21,113
-50,86
-43,-14
14,-115
-81,83
20,-74
-3,107
-127,-33
-89,-45
-46,-2
78,63
-1,23
-3,-80
81,14
59,-88
76,-44
19,-35
56,112
-18,-2
-100,126
-54,-30
8,56
73,-51
-123,39
-1,-1
-94,-121
-119,74
-116,-4
119,-15
-93,45
-102,121
-107,-90
-66,-17
123,-2
32,-10
-111,-95
-99,-53
-67,-92
109,-5
-26,-121
124,-108
-105,-124
-127,41
-92,127
-8,-42
107,-66
101,-16
-23,22
102,38
-21,10
-37,14
21,121
-85,-39
-90,47
-108,-98
22,-52
52,110
-14,-68
65,-49
-18,96
63,76
29,77
113,-88
-44,110
46,63
86,62
-127,-43
-59,91
125,68
-2,92
-58,112
62,104
-45,-33
-86,-71
63,54
102,68
-26,21
78,80
42,-26
20,-19
24,4
101,-58
109,-18
-57,-109
105,-103
-69,-36
-30,35
74,-53
-17,-40
-72,-62
-25,62
-8,104
-73,10
-1,64
79,-11
121,84
80,28
100,-125
-79,113
-6,20
66,119
54,-41
-102,-84
59,-7
95,-117
103,108
101,-123
-2,74
110,82
124,-92
117,98
-76,50
89,-125
104,-121
79,115
-15,-2
-87,-56
46,82
77,127
-125,71
84,63
30,100
35,-73
-98,114
88,-126
120,70
56,-77
-5,55
-27,31
96,41
9,-8
45,-75
-60,-30
-49,79
-23,-18
91,71
-2,-58
-57,32
-73,-127
64,21
37,-61
-126,40
-20,77
-21,116
76,-54
93,43
-82,-28
110,-55
107,8
-38,-86
-51,-14
96,13
-49,61
-95,56
-48,78
23,86
-19,-23
-99,-85
91,31
0,-35
-46,23
32,-21
11,-128
33,-77
28,79
-52,-31
53,-46
36,-59
109,-94
-51,-94
16,28
73,-42
-92,122
111,-26
3,63
60,-17
68,-55
17,106
-66,-52
73,24
111,11
116,61
111,-86
-103,78
118,79
99,109
10,113
-118,10
101,19
-59,-123
-16,33
89,88
65,-123
67,-92
-19,-61
7,16
-3,-92
109,91
117,-61
-57,-40
16,109
-102,-18
-8,52
-31,42
9,-51
-62,-124
60,-15
-76,53
63,-101
68,34
-13,-74
5,-26
-108,111
-37,32
-37,-39
120,-94
4,66
-39,124
88,71
-112,89
34,7
-108,-115
-66,106
-74,4
46,91
55,-123
52,-4
-33,-97
-89,-23
114,-23
-95,-49
-49,104
-92,-76
30,59
-33,57
118,-72
112,-65
59,0
93,-31
78,-14
-110,-2
89,-16
15,59
53,102
-80,-85
7,104
123,-29
-97,61
-20,-3
23,-1
-29,-71
120,118
-128,-67
23,46
73,-100
-47,113
44,-39
-91,7
-90,21
124,-114
-89,31
114,18
72,76
-28,-62
-45,57
35,-96
-48,-20
-77,-12
115,-41
25,-3
-44,-102
84,70
68,-96
-83,-19
21,-77
66,18
82,-1
109,-97
-52,-19
69,-5
42,-7
76,71
126,-15
-86,-61
-30,-98
-57,63
-41,-25
-96,-20
51,113
-82,-124
-84,39
-127,119
-41,-89
66,-63
-92,-23
20,-70
-75,-41
111,50
83,118
-120,-31
116,85
-1,-60
-111,-61
118,11
-43,47
-21,-24
127,-2
98,15
-39,31
-114,-8
19,70
42,-12
-96,33
-38,60
4,-35
77,-89
-75,27
-3,125
-67,-104
-99,61
-78,30
-63,111
52,-112
-51,56
10,-107
3,65
-85,-123
40,44
-87,58
-14,-91
-104,119
-7,-77
72,25
-125,-49
-66,-109
85,-54
-35,-47
-102,121
81,-66
47,-96
-94,-28
40,-49
-119,0
56,55
125,-83
105,-11
-118,-17
50,-10
90,-34
-35,101
-108,-81
4,44
-71,42
46,104
-94,124
-16,-48
-71,-59
49,123
-124,84
-65,24
-105,-96
94,50
-20,-100
14,21
-61,-114
-5,-53
-112,-61
-93,-62
95,122
29,-112
-15,2
-77,-96
32,-58
37,64
65,-23
-127,-42
-29,-124
58,44
69,96
61,-66
-7,-80
63,-126
-9,-4
104,-29
63,51
-89,-41
86,113
-94,-50
-110,-74
86,-5
-64,-107
67,84
-87,-66
125,24
47,43
48,-75
124,37
-59,81
80,-120
-63,-6
-56,13
-30,1
-113,-98
-98,68
60,-92
101,43
-75,-79
117,125
47,-74
82,-115
93,18
-117,-37
58,-121
97,120
13,33
-86,101
-100,-15
120,-120
-38,68
-51,89
-8,53
26,111
73,92
96,-91
126,62
109,-42
-74,-98
-52,-33
43,-70
31,-126
12,-33
-120,-85
-86,-121
78,-128
15,-22
65,111
82,103
-83,-103
-99,-11
-113,68
-32,38
-58,-38
62,-14
101,-111
-16,-66
-16,75
-115,95
126,32
56,-67
-118,-92
-121,88
-93,-52
20,-2
84,-38
103,-58
-70,-44
-120,-127
-85,66
-76,8
-46,78
62,124
-64,-20
-90,-1
52,47
-88,-67
-58,87
8,-95
-41,82
-4,-82
-85,3
-81,114
-107,-4
112,-118
-105,60
71,-73
-7,121
126,-117
114,41
1,102
53,-97
126,106
-80,118
-97,-102
-107,55
-74,-52
52,42
126,6
89,122
94,-58
-109,-42
-128,-44
-113,-24
-34,-43
-12,49
68,88
86,-71
36,112
-55,44
89,-21
-110,78
-114,-100
-20,109
-114,-22
74,-47
-90,-79
-42,-94
-115,-5
-49,-43
-80,25
-84,-102
-57,-1
19,80
-63,-23
85,115
-5,68
-6,124
26,112
-27,1
-56,-45
3,-126
-23,-126
-59,-97
26,-2
-79,-10
-61,39
58,71
-51,103
112,77
108,-40
63,106
72,-81
61,-3
-92,32
89,78
-108,-54
110,-107
50,-56
3,106
114,-128
71,-85
-66,-20
115,29
98,87
80,-42
19,75
-87,-114
-3,-99
-86,42
-11,61
-74,113
-53,-115
-11,-92
-54,64
-6,-2
-23,-20
95,26
65,-72
-85,-26
101,18
20,-86
1,28
24,-110
-36,10
-107,42
-52,7
-117,-37
126,-109
-81,93
-25,81
112,-8
78,-94
16,-13
-65,-85
-102,4
-54,-10
45,-79
35,66
53,-76
46,-68
-64,6
76,8
-26,18
87,-123
-46,111
-127,-66
16,118
-41,-41
-125,-31
18,-127
-27,-7
38,122
-58,-99
-126,6
-116,72
47,107
64,25
92,116
-83,-20
46,104
-48,123
-8,6
-35,82
-16,-96
8,49
106,-49
54,106
-43,84
-27,103
-36,-92
120,125
11,-95
-110,-7
-30,120
-60,77
14,54
33,-94
-71,108
97,-92
57,-78
-74,46
61,-22
9,-57
76,-78
-71,82
36,-110
40,-57
-98,123
-14,-54
103,-4
-26,-105
-117,14
-34,15
88,-61
54,106
116,-33
-28,91
73,60
40,125
53,4
4,39
5,86
126,-14
-97,47
-19,-111
-108,-34
-54,-46
40,-54
29,-118
78,108
-57,-73
108,113
-5,124
18,-47
0,19
85,121
-96,-31
-80,20
-81,120
109,83
-31,61
-86,83
82,100
-11,-71
-45,-30
57,37
7,-79
-85,108
67,-84
112,-79
37,-22
-95,117
18,-30
26,19
-47,42
-13,22
-61,-69
-86,7
116,77
61,-51
-12,-93
-95,87
9,-89
104,-116
103,-51
91,18
17,59
-90,-73
115,-25
-108,50
-5,79
-41,34
-74,102
16,9
-41,46
-80,-115
-23,26
-11,39
59,93
-128,-110
60,8
7,107
97,89
27,-61
-118,-124
61,-73
36,-29
68,11
55,15
-30,2
11,99
-17,-110
21,62
-77,31
104,25
-18,-28
-119,-91
-28,-116
-48,-100
-13,2
100,-25
-95,100
-13,-83
81,-50
-108,63
-110,-29
-19,49
-110,-73
-23,-87
-9,-52
-5,-18
-87,96
-102,13
-83,79
-58,-83
-19,-13
-102,87
94,79
7,-18
43,100
-86,-106
-22,-81
-33,-67
77,125
-120,-66
1,-12
-26,-61
-56,45
30,-64
-115,-128
85,-101
-59,-56
74,-128
126,28
49,74
11,-58
-10,6
-70,11
-94,-111
44,-111
124,124
-22,102
-19,24
5,71
-23,64
74,29
9,9
-109,117
28,-4
-21,30
127,-91
-107,-17
-14,-123
85,58
-124,24
-5,-125
-83,-63
47,64
-8,114
-102,102
-39,-91
-70,9
-25,51
-26,20
23,-64
16,-94
-68,-87
108,19
-125,104
83,119
-51,-35
-50,-123
76,80
-74,122
19,54
-105,-99
-84,73
33,126
64,114
-105,-18
51,-58
-87,-15
-50,120
-49,80
17,-13
-7,47
111,98
117,-7
42,42
27,95
-22,-26
-128,-41
86,88
-67,-56
32,-68
-53,-112
-45,-17
-115,-27
-50,90
94,74
-21,76
18,-33
-29,116
-102,27
114,-5
-62,100
70,-17
110,60
44,123
114,95
-113,-37
18,-86
-70,-124
85,19
117,48
20,67
73,110
90,58
36,-71
105,49
-19,123
-122,63
91,36
113,67
-66,-37
-111,10
98,-69
22,63
82,52
-122,-2
126,-43
-75,-70
-52,-52
79,34
-40,107
-77,-50
39,18
-55,-2
3,64
32,-63
-79,118
-92,-28
-125,-85
73,-70
-25,3
-63,115
-26,47
34,112
6,-48
19,-110
-96,-28
-84,15
115,-53
-94,16
83,98
13,23
74,25
-51,-107
63,98
-6,39
123,-41
-44,46
-120,40
46,-62
-118,-87
44,-44
41,-11
74,-38
-113,82
32,-72
120,-107
-15,62
-77,90
25,9
125,48
-88,112
26,-59
83,-89
-98,-20
-109,-80
97,-64
-82,119
91,-73
-118,24
-23,83
55,122
58,-79
36,16
-89,77
-30,101
-54,55
126,-21
65,-47
-15,117
28,-124
-116,82
118,113
99,-115
125,65
103,68
-74,-99
29,109
-115,61
-25,71
54,58
72,33
56,-29
21,21
-72,118
-67,-118
124,-121
-47,103
50,0
36,100
24,89
-116,-25
88,-3
36,-105
-73,118
-111,-102
88,31
-71,50
122,-31
-89,-70
16,-113
-59,126
64,-115
-113,-124
-128,10
79,88
-5,75
-50,-110
-49,-82
-51,110
-36,-104
107,98
-113,37
-50,-38
-51,3
19,0
43,-63
97,-27
29,100
88,-87
121,85
71,42
121,17
40,-98
46,83
1,94
111,42
-26,-121
100,125
76,-46
22,-31
64,33
69,33
-23,-30
-109,-11
122,-8
41,82
-127,64
-95,21
64,-73
-121,-82
82,-86
69,37
126,38
-26,-114
61,-65
31,96
-108,28
-52,-19
11,-70
-30,19
2,-60
-91,108
49,-92
87,-83
34,82
-9,7
26,-16
-81,57
-58,116
-87,-109
87,-94
4,20
65,-120
7,105
33,127
91,83
15,-16
96,106
82,119
-44,4
103,51
-37,100
21,-126
92,21
-56,106
33,-40
106,70
107,92
-14,51
-87,-33
57,-9
106,-121
-10,54
-113,112
-79,-59
-12,-92
-82,120
124,112
33,-116
-87,-68
-99,-7
-42,95
-76,-25
24,125
-40,-46
-39,-54
-48,64
-24,-33
-100,-10
90,-123
108,-117
-39,-90
121,95
27,38
47,-14
97,25
74,85
120,-20
-49,2
-78,-122
-49,-44
72,127
45,3
-36,-76
115,-83
60,-65
21,125
-107,75
4,-44
1,-44
-33,121
-4,-36
9,-6
76,39
-109,106
-82,109
8,-88
16,-50
-61,44
-71,73
-18,-90
-23,-123
-126,-81
-112,108
81,120
83,-49
-18,-120
-65,-16
67,-111
-70,40
104,-98
59,-107
71,-80
43,108
-120,3
109,116
42,56
87,94
0,60
-91,-107
92,88
54,30
69,-113
49,22
58,72
56,-60
-107,77
19,24
21,-81
21,56
-128,93
-97,98
111,68
-121,-77
59,-10
79,-55
39,39
-28,-79
84,13
-92,-83
-101,57
-66,87
85,123
-119,43
-123,63
25,10
-34,-103
-22,67
-37,-21
75,28
-33,25
8,-59
-103,57
-40,-24
-110,-48
81,-42
2,-72
96,29
-92,114
-74,-11
-110,-117
25,-49
-100,10
122,-102
2,-71
-39,59
119,15
-10,-11
-77,121
-92,55
50,14
96,-69
8,-59
-98,114
75,127
45,-58
121,83
-43,2
-33,4
59,31
-31,-7
-41,-16
17,89
23,-59
99,98
-118,43
-46,51
-92,104
119,19
-54,118
-118,-111
11,22
-30,-84
-62,-89
-116,-79
107,23
-38,-78
56,85
-95,90
36,-126
7,69
-96,117
-121,113
-76,-82
-68,-115
-96,-10
46,-45
76,17
-21,-107
71,5
99,57
-2,-89
-26,-27
-21,80
72,-88
-64,-82
-53,100
37,-102
-100,-110
-17,-68
-13,-79
-91,-91
-67,-76
-8,-5
-22,-8
-95,-28
-28,-1
16,86
32,126
52,73
-33,78
-63,33
75,-21
-107,92
5,13
-27,-121
93,29
21,127
74,-64
-35,-59
-94,37
114,127
67,41
72,103
-47,109
-14,-126
-114,23
34,59
16,115
17,103
-65,52
77,12
49,62
48,16
-19,-37
72,83
19,-76
49,-27
-102,-8
38,-6
-126,-126
-62,40
-56,-53
65,110
31,-53
51,87
93,-95
102,25
-39,-44
-115,62
-3,-120
81,-11
97,28
98,94
-27,110
-31,123
101,-32
-88,-121
49,91
124,-36
-128,13
-124,127
-98,12
34,34
43,-22
64,1
-6,7
-59,28
11,-107
-98,-5
20,108
52,98
65,-115
-10,26
44,-88
-68,38
-46,-88
89,53
-76,106
43,-3
-45,26
-72,65
34,78
-3,64
58,56
8,59
-75,-81
-97,-17
-18,-81
-55,-23
50,-28
-68,-73
123,-17
-53,-42
26,87
-28,94
74,-66
48,62
-103,-13
29,-92
18,-78
75,28
-34,125
87,81
67,1
-44,26
-4,86
22,-64
31,9
-82,67
-100,17
16,68
42,-89
111,3
109,84
-79,43
42,-29
-126,101
-58,21
91,-111
101,-92
-55,68
-21,-60
-42,67
121,100
65,-11
-7,17
-60,79
59,52
97,91
-100,-34
-108,95
73,-76
-44,12
126,-125
45,-36
115,75
99,96
-96,71
15,59
116,-45
52,-12
-53,-93
-33,-105
48,-125
42,-17
98,-26
-19,100
60,98
-33,127
19,-20
-36,-24
50,92
75,-26
-1,-35
59,114
71,127
-109,-115
-82,-122
103,-119
17,-1
-72,-36
68,-112
-113,-117
-46,-127
21,65
-24,16
-41,5
-45,-37
117,59
93,-38
-32,-42
-24,-128
-10,103
-82,25
35,7
-73,-36
3,-10
36,-4
111,-67
121,40
-31,25
-125,53
5,97
18,-92
-6,-102
113,-123
60,-75
122,-20
-30,30
126,109
114,39
-96,50
8,-128
38,68
-67,81
-101,-11
87,71
7,-113
7,-90
64,58
-32,-108
126,-7
126,-115
-70,116
83,56
-84,68
-60,-6
-86,-12
-66,78
-18,-17
67,24
-20,80
-58,74
-42,-31
-6,-121
75,-64
-88,95
-84,68
-66,52
-7,-72
-79,58
81,-111
-39,-80
40,89
103,54
81,2
-118,-107
-12,-28
-13,53
-103,14
110,-60
-122,8
55,72
-18,-118
5,19
-56,121
-42,-86
-88,124
-100,5
-79,-101
-24,102
-118,47
60,18
-41,-34
30,-101
-11,-93
-24,117
-115,-94
114,52
126,-119
-50,60
92,-55
-15,57
127,110
-90,2
-62,-21
123,-10
61,121
-63,67
-113,42
-103,-64
-116,-128
-19,-18
-22,41
83,-121
-122,61
62,-8
-121,22
-92,-2
21,55
-51,-48
-58,70
31,84
-83,-27
40,-127
-27,24
61,-126
-101,-71
90,40
-85,118
78,81
17,56
-19,-24
-11,-14
-126,-85
-2,-8
-19,-19
-1,35
76,-52
-116,103
-17,71
-120,52
-73,82
120,127
-37,3
98,-75
50,7
26,-122
-24,-47
-120,33
112,-13
20,-30
51,-69
-48,-68
38,97
84,-113
-61,-94
8,79
-92,-53
-88,47
63,-41
105,-127
28,-88
123,-27
-47,-71
-25,95
-103,-95
-38,-55
16,-43
32,102
59,-106
-46,106
-57,123
43,24
108,52
-2,-25
57,60
-6,-61
125,-79
-122,-103
58,-39
95,-106
-43,54
-20,-73
27,59
13,-56
75,-8
60,26
-94,-121
75,-73
38,-20
-49,-97
12,96
1,35
-83,-49
-91,127
100,85
-36,-28
-46,35
-108,-92
-126,87
-50,87
-127,-126
-35,-63
67,81
-23,106
109,115
10,105
-114,88
106,-96
-103,-25
-47,110
122,64
121,-20
-7,92
-103,57
-50,126
-7,-10
-53,9
-122,78
3,31
42,-6
-88,119
-9,-114
-56,28
-120,-80
99,5
9,87
109,-56
2,20
94,-110
-65,39
-45,-115
-77,22
94,66
127,-126
56,30
-128,-37
62,68
5,-30
-38,-68
47,-79
28,-31
-100,81
-21,-85
-103,36
108,100
108,-85
102,36
-89,75
-7,-18
-13,26
11,-87
-69,-27
-106,-60
-2,-118
10,-91
26,-96
2,99
122,93
121,-113
87,-53
-75,-6
81,-47
82,-52
60,-28
-73,123
108,82
-97,123
-93,31
97,123
-60,85
42,24
-4,107
-65,3
-28,-9
94,-52
15,-128
88,-34
-120,-113
-67,-88
7,-30
-42,-14
67,-62
-114,-30
-23,73
-86,89
100,82
-28,11
-116,-121
-63,-7
118,-74
43,28
77,-68
114,-30
-55,-87
-28,19
-43,-98
96,-45
43,27
81,-20
109,-107
-102,-101
108,-120
90,-61
27,105
-87,-61
-61,-94
-56,-4
-40,-105
-57,-126
-58,62
120,-26
-107,100
-38,-84
76,-128
-45,-127
-38,70
-39,58
-69,-96
-87,6
127,-107
-10,-83
-35,-56
95,33
81,89
-41,119
-87,115
-108,-59
-11,-41
-98,54
-122,74
116,82
-37,-36
65,49
40,-37
115,-92
31,44
-30,-116
-125,75
82,82
58,59
-78,-6
43,7
-114,87
116,36
-60,35
2,43
0,-74
47,92
98,-26
-125,105
88,-61
74,-47
-1,-98
-11,-20
26,-77
-98,-97
79,-68
-89,-6
-52,-117
126,-87
-59,56
-78,-27
100,121
-47,95
-25,65
90,-5
63,-26
-87,-69
79,97
103,122
-62,-19
-99,-74
68,17
83,-47
-114,115
-86,-13
-103,-4
-126,-18
-100,-89
12,93
-40,-101
69,15
-9,-120
33,-121
-57,14
-10,-42
126,-125
48,107
-53,-109
15,38
-66,-61
29,-96
58,40
53,33
-46,100
102,-109
110,-62
9,-68
64,85
-94,89
-44,-51
106,-20
42,105
26,-122
113,-44
83,-90
118,25
115,30
-50,67
-125,84
-86,81
115,-115
51,-5
-87,-13
88,13
-2,25
4,103
-81,-27
-116,-81
-128,-36
96,-3
13,57
-111,-98
-120,-91
-99,114
73,12
-86,-6
-69,-54
18,-98
1,-39
-45,-18
-118,114
-49,86
19,20
-36,-21
-116,26
1,61
-6,54
-72,-11
70,65
-60,-9
-101,-66
115,-14
20,-2
121,-43
106,-62
112,45
-75,-63
-122,25
54,-13
76,111
31,44
82,102
71,-40
28,74
-35,-33
33,-56
-55,-30
23,-50
-7,-4
-107,-102
45,99
-108,-101
-87,116
-19,30
-16,97
-46,22
-42,-61
116,-58
54,95
94,94
-61,-28
-108,47
89,114
-97,-16
120,-126
39,-16
-80,76
67,-65
35,-97
-53,115
-34,65
100,-29
-114,-114
86,-67
-15,-102
-87,20
31,-34
107,4
-34,62
112,-49
-19,-97
-124,-23
39,-114
-108,7
-44,120
-74,-28
-8,-19
20,11
-99,126
-98,28
-105,-124
84,-18
4,-32
120,-116
70,125
-119,-94
-37,-50
-25,33
45,-114
22,-71
-39,-10
-100,-58
67,2
-23,-100
74,10
-124,43
-37,12
-125,28
42,-78
-110,94
55,39
-80,68
73,98
90,9
115,28
25,41
-83,-13
81,-35
-43,73
116,23
41,-127
-60,85
-126,95
-7,82
-92,104
86,27
88,-118
-59,-48
32,-71
-105,44
-79,88
60,115
111,-21
-40,-11
-98,107
-43,24
-6,-103
69,13
-22,-18
-35,109
37,-33
103,-41
17,36
119,-108
-77,-22
-122,39
-50,75
42,-52
-113,-11
70,116
-26,-20
-91,-11
-7,50
52,-81
-100,61
-121,112
-91,1
-55,7
-32,-53
-105,35
-41,-6
121,15
-56,-3
47,43
28,35
-48,-118
-19,-73
-79,106
-9,-12
-72,-64
124,-69
-116,25
-84,-118
-50,-106
-44,78
-30,1
65,17
24,40
-21,-5
-37,62
-94,2
-32,68
-41,-54
10,-105
80,-61
-19,-80
30,88
125,-90
-93,-30
-101,12
-103,27
-22,26
-29,50
-23,-45
-88,-103
61,-2
-104,9
-8,-14
-121,46
124,-78
-8,58
-4,-15
80,57
124,-79
-79,33
-56,-121
5,77
-127,-107
-80,-17
-46,47
-56,-84
-67,-51
75,108
5,-30
108,53
-92,126
3,37
-19,-100
68,96
76,-56
-74,-128
-41,4
17,-25
-9,-103
123,-57
54,-54
94,73
89,81
66,-45
-90,57
13,-87
-14,-21
-87,-75
125,-96
-8,-29
59,99
-23,-11
-34,53
-58,-23
103,-95
-3,-65
-51,55
-66,-64
-113,-9
100,79
125,-65
92,63
-19,-94
-24,12
-21,96
-127,-65
-88,-68
-111,-119
37,51
-78,105
-122,-78
-12,-7
77,3
-4,-1
55,-116
109,8
89,-82
63,63
-37,123
-55,-104
37,-73
106,107
114,19
-89,70
35,-114
-27,-81
-117,6
41,-88
-73,69
-113,-22
1,11
-126,4
78,-8
-122,108
-29,20
12,-11
-15,-84
69,-13
41,106
33,-66
-28,78
-51,23
96,85
76,127
-120,-64
-66,45
-17,119
114,66
37,-22
43,37
-101,-85
96,39
-68,76
0,-66
105,-12
-25,-108
-78,-116
9,61
73,-120
-120,67
126,-57
-35,-119
4,119
-107,-79
-42,103
64,78
-32,-67
112,32
-81,-27
95,-35
10,8
103,116
48,-119
-103,-91
-41,-61
89,16
106,20
16,-78
97,21
91,84
-91,80
-51,-29
-70,97
123,109
0,-120
89,29
68,-46
56,122
-62,-58
30,69
-44,122
23,-120
96,74
-74,32
101,-16
16,91
-28,94
-114,-8
57,118
92,21
116,123
51,-15
38,-119
-71,27
14,-24
-65,-3
104,62
-57,-55
-30,-43
30,-5
-24,-8
29,123
68,-78
-45,-106
-78,-72
53,-42
-93,94
54,37
-91,92
46,33
58,-114
126,96
32,67
-114,5
113,34
75,122
62,73
-56,-109
-51,57
5,25
-30,13
-33,-114
96,-109
71,18
55,-94
69,-33
65,115
121,104
-38,-81
-18,41
115,42
65,85
109,24
-110,55
-14,-16
100,-52
60,-14
-28,-99
47,38
125,94
-26,-108
60,-83
-98,55
59,98
45,-86
45,7
1,-21
-25,60
34,-108
-116,76
32,47
89,-36
-103,112
-25,-41
36,-42
-2,112
125,105
91,-57
-2,12
127,-14
-48,-92
-7,9
105,24
77,118
-11,-78
112,45
72,97
-101,-40
-1,57
12,-37
-103,100
26,127
32,-38
61,-97
21,57
121,-61
83,-89
-38,-101
-126,-86
113,-116
-80,-42
-94,98
-82,14
-15,-107
28,-74
113,-26
-60,96
-107,-31
56,8
13,-105
29,-72
23,-80
-122,89
50,33
-68,-87
-59,-58
77,-124
-99,-98
-98,-112
87,96
-49,42
52,47
-10,-72
-9,-54
-1,-66
-96,-61
117,-91
12,23
48,17
53,-43
-123,-92
-2,15
-39,56
-34,-111
125,-107
120,-43
-12,-21
-87,39
48,-55
-103,57
-40,33
116,124
-120,-93
-72,58
-122,-21
11,-62
-106,-90
78,-8
112,112
50,41
-111,-23
34,-56
77,101
-74,-111
113,30
111,106
-54,-120
-78,0
58,114
-17,116
30,13
86,-125
27,-51
-106,-52
13,-28
-63,-49
-11,99
-79,-119
-17,-8
-39,91
-81,-26
89,123
5,0
-44,-117
-2,-50
53,55
9,81
-75,60
-92,-3
87,-82
-21,-103
-104,91
34,97
19,-119
-30,99
-43,120
23,83
67,-26
48,53
-34,59
82,100
44,9
-106,-36
45,-86
49,115
49,103
66,86
3,-107
0,-56
-30,118
77,7
125,17
-5,-48
126,9
-61,-27
97,72
-3,18
46,-91
44,-65
62,-120
-75,-109
-91,16
-51,-1
123,-46
41,-89
-12,-22
20,61
51,86
-47,-70
113,-52
-128,-63
117,-37
-23,25
93,-37
114,61
50,101
7,9
-72,-17
-88,-29
-81,-35
112,-39
104,54
87,114
-56,14
-59,90
118,108
115,-17
99,-124
115,-36
57,-46
8,79
-79,-19
52,-43
-69,39
-13,-99
16,92
114,25
5,44
44,43
-82,-20
49,41
88,-105
-60,-103
-107,75
16,-16
-71,72
4,121
-25,75
15,-12
2,-108
-122,-122
3,5
-106,12
71,82
21,122
5,86
-114,57
-97,-105
-92,111
-112,115
59,-83
-112,-125
-93,90
-104,57
51,-28
104,-90
-117,113
9,74
7,-122
75,17
-71,-84
-113,112
54,-125
-96,-36
114,-20
-89,-21
122,-75
57,-99
-53,-103
-74,12
67,115
-48,90
-7,-103
46,117
98,-72
-85,64
-66,50
127,110
-122,-30
76,77
116,-93
26,91
46,-88
54,2
-41,-24
116,23
3,-1
-119,58
27,-119
-12,-127
-11,106
-78,-128
-25,-33
-94,-117
-9,-125
92,-81
28,85
-14,-7
53,116
66,11
-43,-41
-63,11
27,109
75,121
-27,5
-40,-78
14,-128
9,86
64,89
1,126
-94,-59
-31,117
24,-67
82,-17
68,-29
100,1
9,-91
-106,-6
90,-51
-2,-104
91,-114
29,-124
-94,89
-39,-69
126,-87
69,115
-70,112
-24,121
-66,12
-80,84
-41,-87
-34,93
-106,55
-49,27
-87,57
120,-100
-33,-86
72,27
62,-34
-21,-36
32,47
80,-40
-41,-71
-20,32
-45,-14
26,-34
-71,-22
-121,3
93,106
55,-127
-125,106
6,-88
-41,-90
-108,-100
-122,-70
72,-52
97,119
-91,-90
-74,-69
-88,-17
-4,69
58,37
-81,17
-126,-85
-108,53
54,-39
107,-69
4,-36
76,-87
-54,46
79,38
53,42
80,-16
-118,124
77,-103
-112,117
-128,-8
11,59
-106,-12
-21,-79
-26,-19
-64,-19
54,113
102,-58
-95,-14
-45,35
-1,-47
24,41
-86,-81
-69,-74
71,29
45,22
80,57
-42,7
-28,95
97,13
40,-115
76,-91
27,78
74,-85
-64,-108
-11,-74
-2,-87
-86,-12
-27,-47
59,54
17,126
28,-112
70,-87
-59,7
76,98
-37,119
-40,86
-34,-79
-95,127
90,-4
-65,-98
-42,-22
101,2
-65,-92
-88,-72
84,61
22,-48
26,7
-80,-114
-54,-78
72,-103
111,75
-82,85
26,50
-99,-20
65,-126
0,-88
-84,-93
95,60
-98,63
-54,-58
-38,122
-40,-69
33,-56
93,78
85,-44
-8,-8
-87,-72
-128,-25
89,-20
80,66
73,52
-47,-94
-7,-116
-112,43
-93,-31
9,15
118,80
-86,-119
-87,40
-20,118
-124,103
86,120
91,-70
84,106
-96,-103
19,-75
7,-104
70,-107
-53,-127
58,34
-69,45
-118,-25
-53,-41
90,-29
34,-115
-31,-58
-105,-22
100,-13
-63,-122
-97,-92
29,-42
-25,-99
64,-49
-84,15
-28,-44
20,-87
-91,-67
-55,90
86,14
-65,19
30,32
-74,100
64,-55
-81,127
78,-91
-53,-121
25,38
119,-26
-63,3
-35,71
9,-111
21,-65
-25,4
65,49
-26,12
-1,-113
33,-45
-24,-4
109,54
-114,-42
-86,-18
-105,-17
72,-20
23,108
12,-32
99,-32
-63,-36
-16,-46
85,66
122,92
-16,-83
-27,-60
22,16
5,83
122,23
61,-17
87,106
-62,89
-81,5
61,8
91,82
97,43
-68,-97
-55,54
-123,-55
96,23
46,121
6,-34
-64,-38
63,-39
60,68
23,-106
-102,-37
74,122
-24,-3
75,-117
27,28
-63,32
120,-95
52,-43
-16,-90
111,105
89,23
-115,-95
127,-5
74,50
-10,-44
9,7
127,63
-44,-57
-117,-64
-20,-125
-112,27
-10,-118
-43,-32
126,90
-57,111
-4,41
8,34
-27,-123
-26,-118
58,50
88,-74
91,60
92,106
-108,52
4,-53
-1,-82
1,35
-1,-89
-103,-34
14,126
-1,127
116,91
3,80
-38,-48
33,85
31,89
-123,37
-3,55
21,22
-8,58
0,105
18,-18
-49,0
32,127
40,47
-13,-121
95,102
3,-2
2,-48
-120,65
-9,45
-56,-79
-91,-14
57,-71
-127,3
12,-100
-3,-116
6,105
32,-94
20,94
-84,1
42,-82
-83,-83
104,63
113,12
-9,70
-79,-24
-2,119
-98,72
-128,95
111,85
13,-23
41,91
-56,-35
84,117
-58,5
121,-93
92,2
91,20
120,89
-21,-62
-103,41
-117,64
41,-109
-93,-80
-111,-19
36,-108
-65,-93
65,-51
42,-93
-124,48
-22,-46
81,-73
-58,-26
118,-28
-82,127
-11,-126
102,98
109,90
-68,-107
43,0
-6,-120
82,5
116,-25
7,-36
24,70
-55,118
-65,28
-52,22
36,114
126,-85
19,16
-91,120
57,-127
61,-107
30,-18
56,-93
112,-36
80,35
17,28
74,94
-32,-54
-85,-14
31,93
54,81
-28,-79
86,48
-65,20
-19,7
58,48
-40,108
77,-117
82,12
-9,21
14,-118
-22,36
-43,30
-3,92
-91,-128
-104,27
-69,-100
116,-5
-112,-91
-41,-53
125,-14
91,11
-121,85
-72,-20
101,123
-7,30
-20,-20
-13,-94
-103,29
81,-14
29,-4
-8,10
4,-17
-14,-71
57,113
24,46
113,96
87,38
-73,90
-118,72
-47,-56
-51,-17
70,113
-42,7
50,-127
75,46
-83,-103
64,-6
57,-92
126,52
-27,35
38,9
-78,-87
38,-63
-30,116
14,28
84,-83
66,17
-4,-101
-60,-55
-79,72
-27,-122
60,-75
2,29
-22,-26
-105,97
-118,56
6,-72
103,61
-16,-82
39,-116
9,46
-64,-45
5,-58
-14,11
52,59
18,71
107,-41
-51,70
-38,63
-24,-53
114,61
61,38
33,-52
-106,18
-14,79
70,-4
39,-101
-62,-10
-86,58
21,9
-5,14
-42,67
-64,-19
-85,-120
56,-74
122,103
55,63
115,25
-13,89
-44,-101
115,2
-22,90
89,44
-71,112
-104,70
73,115
-32,59
-11,60
-119,-54
107,-12
31,86
123,-93
106,35
43,-125
8,16
70,86
28,125
-18,13
79,46
-12,36
28,-23
-15,70
-53,19
-14,63
114,64
-112,-90
48,-55
95,-93
-47,-95
-46,-57
41,94
97,-23
-92,106
66,28
-32,58
31,31
-122,34
120,-116
113,-67
-79,50
87,95
-35,91
28,-128
59,67
0,28
-30,-82
10,36
20,-20
35,68
105,117
-87,-1
112,-37
-86,-36
-14,-86
-98,118
-24,67
-115,88
-67,84
12,18
19,-118
-123,3
-64,-76
-107,47
12,-21
55,-69
-101,-122
91,42
-73,-122
-68,65
-39,-62
-13,8
-60,-101
-25,26
121,-11
32,-18
-86,-62
82,-33
31,-91
73,-42
-58,-12
-11,97
-13,-77
-17,84
99,13
-11,-20
112,-5
68,113
-48,-98
-53,113
-112,96
109,-104
64,-80
-81,-99
-112,54
-37,-69
-81,-22
-84,23
10,61
67,108
-112,-87
85,118
24,92
51,15
-37,122
18,114
-59,117
64,22
97,90
-96,-53
-121,-110
-65,-120
-57,-21
-1,50
41,-76
14,-60
121,114
13,18
-57,-55
126,-45
-68,-128
69,-51
111,-100
-15,-110
44,14
-57,-43
122,88
42,34
-49,23
-21,29
-54,-104
46,24
-54,-92
93,-116
-56,61
67,-100
103,-51
81,70
-11,-115
46,-86
35,-99
18,-40
-118,-48
-82,-23
114,-4
108,127
-44,-39
71,-21
13,96
72,6
52,-36
-80,-15
-111,-48
121,-32
97,23
-3,109
-35,83
15,-21
40,30
-74,30
85,64
10,-93
35,-26
64,-34
34,-57
65,-94
-58,-25
-43,35
84,-82
-28,23
119,56
-61,23
-9,-70
-43,13
48,120
38,6
-123,93
85,112
-46,67
-38,115
-65,-15
58,68
-20,57
81,-94
62,-118
-50,2
-86,-109
-105,-68
55,61
40,-78
-65,-14
112,36
-87,56
-125,-9
42,33
120,80
-83,-112
26,48
35,77
20,33
-96,-96
-77,98
83,102
60,-120
-126,67
-68,107
0,0
-16,121
114,61
-68,74
-104,-79
104,-110
90,36
23,49
-15,105
43,-63
8,-126
-8,48
-52,-66
118,101
-112,-120
-96,-56
-4,-99
14,103
-37,-97
-96,68
47,-70
-99,98
45,-104
69,-85
-102,82
21,1
-109,59
113,73
-74,14
-86,-28
-116,-54
-39,42
-29,61
-27,34
4,-66
103,-87
-22,86
-96,-102
-54,-124
30,46
-75,85
-26,121
116,-30
111,40
-4,-58
-111,88
-124,-100
116,-109
55,-115
-119,108
-21,-111
60,112
27,-92
31,124
0,61
-97,-56
-102,42
-127,115
24,-18
-30,-34
97,112
-123,-69
-53,-70
31,-31
-80,-127
43,-96
-108,-89
-124,114
-48,-113
81,61
-83,108
45,-8
110,75
-14,94
108,-38
110,34
81,-43
4,-12
9,-53
-92,-21
24,59
-5,-114
96,-26
-12,97
0,115
75,-53
-102,-9
117,80
-106,-126
-127,14
-72,95
-37,60
-23,-105
6,-93
111,-38
22,115
104,114
90,9
-120,88
-97,73
65,84
121,110
49,73
127,-104
89,-68
56,60
-49,40
-47,-65
-102,-71
-3,112
12,-80
116,21
115,25
-83,19
25,76
-53,-45
-77,28
19,-59
32,-92
-86,-6
97,-56
-44,-3
31,-11
106,73
-58,82
31,91
-111,-3
-93,-36
118,-110
44,-31
89,37
-124,122
15,-84
100,59
-51,121
-47,6
115,28
-122,-67
-21,47
52,124
-5,-122
62,-99
52,50
21,-39
106,-110
-102,74
39,9
-71,7
113,115
-88,121
-57,-87
-13,41
-47,-96
-88,62
-34,34
30,95
23,12
124,9
6,-120
110,-98
122,74
-90,-55
-9,60
-28,-127
-30,58
54,-116
-99,-47
-128,-73
9,-122
-26,-6
67,10
-53,4
66,-55
-109,13
48,34
6,101
-124,-116
-76,-61
-79,7
77,6
-66,64
9,113
33,-38
-26,-98
59,-71
-106,0
-89,6
107,-123
-53,41
48,1
84,102
73,-48
-95,-100
-104,122
4,102
-65,14
50,106
-99,-112
104,35
1,63
-67,113
-85,-9
8,-54
119,84
-43,-12
54,106
-43,-86
-39,-64
41,44
39,105
-117,11
-22,9
116,-11
-82,-91
46,-86
-21,33
120,4
126,-57
119,-67
-68,22
22,123
-3,-23
15,33
-38,-103
-14,-40
10,81
-126,100
-114,103
-28,29
-52,-35
-86,11
-92,92
117,109
-88,-87
75,-19
-35,20
80,24
73,57
82,73
-50,-23
55,-125
-57,-85
-57,42
-78,-108
-4,57
-85,-18
112,52
-61,3
95,-77
-88,68
-100,111
-56,-108
-26,-84
-122,121
42,45
77,81
69,-126
-23,103
31,50
8,66
25,-93
14,-110
114,121
-56,26
-71,-2
36,80
-58,-120
26,35
88,4
-68,55
37,75
97,-72
105,34
-23,-34
92,-19
-105,64
-65,-9
22,-87
61,115
-76,-36
-80,-51
65,-3
-100,-69
97,-70
13,9
-102,-111
-126,72
59,119
-93,106
-34,84
14,40
42,-96
-109,-22
70,-74
43,120
-10,42
106,-101
33,-18
41,33
9,-57
-96,-111
94,52
53,21
-23,25
112,122
-101,-122
-56,-34
-58,-64
-60,76
120,87
-99,-35
116,117
34,22
-125,-103
5,-73
90,105
88,76
-29,45
-76,-111
65,83
-69,-109
-63,-85
-22,4
4,-42
36,36
-4,98
-39,-123
74,34
117,-101
-105,73
-112,48
45,97
-19,69
-16,127
-11,-82
75,79
84,-57
28,56
2,100
-17,-94
-63,87
78,-16
-27,-23
84,-15
-117,-89
75,127
126,115
45,-88
18,-115
-126,-67
20,-116
-11,-66
-65,-112
-73,-124
-24,-1
-103,-83
-6,-47
76,34
89,41
17,40
75,-10
18,2
-97,-82
33,106
90,57
94,94
-73,-22
27,61
65,85
-63,109
68,97
100,60
-74,28
34,78
-28,-86
-11,53
122,45
-83,117
-21,65
82,-40
84,-76
-88,-61
-112,-105
108,-99
41,81
31,-29
-105,47
-69,12
99,-101
126,-124
44,-87
-25,-36
2,73
-98,-6
-126,-128
0,27
107,95
80,40
-7,36
117,120
-55,-127
114,-79
-115,-42
-108,11
-115,-104
36,-125
-85,2
-117,118
-39,-51
103,119
-2,-5
-128,-39
45,30
-25,-114
47,-65
-108,-70
-48,10
-100,-51
-47,28
111,-113
-128,53
-113,-49
84,-1
-100,50
-56,105
-12,79
-20,34
-51,40
-28,-44
-54,-110
-29,-101
101,-55
68,-112
-16,-70
66,111
15,56
-94,-44
35,-89
118,-89
116,93
100,96
33,117
-12,20
-39,64
80,-62
110,6
-114,109
-19,112
110,-36
12,-79
51,-87
-85,92
-91,104
124,-75
-42,-119
84,-37
-10,126
21,-30
120,108
-73,10
27,-61
-118,88
-118,125
37,60
122,77
2,-119
-29,-10
-107,106
-10,-96
43,13
10,-87
94,-93
-43,-28
-38,-43
-99,-109
-61,-5
-97,112
-119,99
-73,-117
-20,-34
59,112
-55,90
39,-25
66,-102
-90,116
39,-24
-72,-17
-67,29
-5,-53
-113,-62
84,-30
112,-117
120,-127
-49,34
-125,103
127,58
116,-68
106,82
-44,-96
-53,15
-96,108
119,92
-16,-23
58,78
-72,-81
-53,79
110,29
-118,65
31,104
80,-112
-122,21
123,-115
16,-72
113,50
-123,13
97,43
-78,113
-126,-36
85,-113
44,-103
101,125
-25,-65
50,-56
1,70
-6,109
-24,124
-116,-28
34,-99
-37,-58
17,-42
92,-7
1,79
17,2
-98,-62
103,36
115,-80
34,-6
61,47
-78,-61
111,53
-39,-75
105,55
-54,99
44,112
-101,-60
-28,-22
-12,-12
-127,99
71,7
119,-49
74,100
-11,62
-96,75
-77,20
90,-54
-78,-92
96,27
-39,98
-65,-76
-54,-79
-26,-8
126,117
-38,82
0,-91
-29,50
-7,109
-62,79
-74,-95
16,53
99,-37
-30,-70
68,-71
-114,-100
-70,72
-34,109
-107,11
-2,61
-70,42
-31,-110
-87,93
-101,-95
-15,-116
-112,2
6,86
23,-11
63,100
56,71
-126,-76
9,-78
-52,-56
-101,67
-107,54
-70,-59
72,-117
-12,-74
-116,7
-23,105
16,91
127,-9
-128,66
-79,-50
88,-36
93,20
77,3
-124,-109
42,41
-96,-126
-34,69
24,-25
-59,-75
-36,15
59,-46
-125,-17
-32,-21
-74,-12
53,71
-74,78
-40,-39
13,-48
-67,1
-13,39
123,-53
43,-23
-19,57
92,-18
-46,-42
-41,38
27,89
-111,-32
-95,-81
82,34
-12,-23
-73,28
127,58
38,-73
-11,-61
-100,39
40,92
47,57
-21,-79
20,47
105,44
33,33
-13,73
-32,0
62,-59
49,-42
-62,-120
114,-28
-103,112
3,104
89,-19
-22,-94
-77,24
48,78
106,-123
61,-95
117,30
82,56
61,-87
-127,113
-109,-116
25,-38
-89,85
77,-50
57,-73
-103,96
-95,6
-38,-67
105,-55
-125,25
79,52
88,121
118,-58
36,66
-103,-10
121,110
16,-71
-74,53
-78,105
111,-81
16,-51
-16,-47
-44,-119
-33,110
100,99
18,-119
-4,37
61,43
19,46
-100,29
47,-81
94,38
-2,-11
36,-37
-20,-67
-14,116
8,100
-127,-113
4,118
64,-57
102,3
9,-80
-77,2
-54,89
123,126
-27,40
-110,-121
59,-41
-8,113
6,68
-74,52
108,71
13,-31
-112,54
-47,-14
48,28
7,-61
71,13
127,45
79,-82
72,67
26,27
-74,-70
106,-78
36,64
45,39
-66,84
40,-69
109,86
-1,50
76,-122
-20,-86
122,96
77,-6
-53,22
32,119
-96,106
57,-105
-40,-45
58,97
-78,-111
65,14
110,116
-33,35
32,106
-125,-20
-72,-125
52,-121
-54,-33
-16,-95
14,56
-112,-54
100,-8
-93,65
-128,30
108,-127
52,-10
-65,113
97,-28
14,-46
-102,63
-66,24
86,70
-46,-3
15,78
116,-97
-97,72
-107,126
66,-118
-40,47
111,-122
-108,-55
-27,-42
-78,30
-121,-5
-13,30
-77,-95
-56,-33
8,-9
-68,-10
-101,-52
16,41
-4,-125
28,119
-34,5
-86,-14
-3,-112
99,22
-118,-77
48,-88
-119,104
62,-41
-4,96
-5,110
-7,-11
60,63
102,-91
18,17
-76,92
49,38
19,-23
9,39
-31,-117
119,54
-119,106
-121,44
-46,-126
25,35
88,-14
0,-81
71,-56
84,78
18,-90
56,-25
47,40
79,123
41,-66
-93,-35
112,-51
-36,95
66,-115
91,-39
-9,14
-124,-56
-89,100
-57,22
-101,-92
-121,-95
-20,70
-43,26
-26,-9
38,80
21,-56
63,47
2,-52
83,33
21,20
117,-31
-50,30
82,107
82,-79
-4,-15
59,82
-84,23
-53,117
-72,-1
-42,32
117,-3
93,67
-95,-68
51,120
70,-83
-29,9
12,-106
-67,-122
-2,28
18,9
-123,26
27,95
-47,101
35,-123
61,-94
-94,21
65,21
102,-54
120,115
26,-122
72,111
93,-68
-26,-100
-70,-45
18,-88
102,112
115,38
24,126
-43,-107
-96,-11
125,-10
-110,109
-127,-25
-24,-77
-76,-92
68,62
110,10
89,-120
99,99
125,-83
100,-35
-114,89
85,47
102,94
-69,-76
-118,-56
101,101
-44,-6
-42,7
67,-85
-51,-62
120,-57
29,22
-111,-122
61,110
-51,-90
-89,58
52,-124
-30,-82
-54,97
86,103
118,2
104,48
-117,8
-22,87
52,-7
115,114
-69,90
-107,-11
-116,18
22,-94
112,-4
-64,-128
115,-74
-91,119
112,-8
8,120
-13,-40
-54,-70
-46,48
28,-55
68,-99
-85,-26
-55,-4
64,-35
69,-18
18,75
90,42
-44,70
30,81
-66,60
-34,-11
36,-122
-36,-127
-91,27
98,1
60,-83
41,-110
7,-31
38,1
-37,110
84,-113
38,19
126,-107
3,-96
108,-21
-82,111
-53,-10
-56,20
-30,-31
53,-109
-55,-62
-47,82
-37,101
95,73
-31,-3
6,124
-75,-94
27,-42
100,66
37,69
-114,89
3,-68
61,103
-51,-31
24,-121
61,9
115,-113
36,31
95,-1
116,121
-20,115
9,42
-1,0
47,-3
120,113
19,90
-15,23
82,-22
100,-8
-64,63
-47,125
-15,-71
-66,-83
12,-88
23,24
69,49
-4,46
65,-80
-88,-123
62,123
-60,35
-109,112
-29,-96
-9,-9
-60,-91
-29,-21
-58,-13
23,115
-50,-70
-95,6
-84,-55
-58,-84
-116,-87
95,-26
-128,26
-90,35
-103,91
-123,5
-83,105
-65,63
114,14
-105,-108
-73,-119
-81,111
-116,66
-35,-41
83,-124
123,-46
100,-63
-44,46
-4,-68
50,-46
123,-110
91,-17
-107,28
104,127
4,100
105,108
31,124
12,85
-4,-11
74,-128
117,49
-47,58
-126,29
12,40
-106,115
-99,40
5,-109
31,109
-20,37
34,89
32,51
41,5
-80,-84
-86,111
23,124
121,92
-73,-124
52,-62
-93,53
56,-105
-72,-75
-96,119
-113,-20
99,71
71,11
-108,64
-35,63
-48,120
-27,-52
-98,40
63,-50
82,1
30,-42
62,47
-56,56
8,-66
109,-24
-76,-112
-83,-1
81,-112
55,17
-56,-20
-75,-5
72,-16
119,24
71,113
75,95
-66,-48
21,-12
-84,-14
66,125
2,-15
119,16
97,-89
91,-18
-68,-100
89,41
-66,16
90,-30
85,121
122,84
-43,49
-118,-81
81,9
126,-111
-40,-65
54,-50
-9,-36
-113,-31
-61,-21
42,90
-11,126
25,-37
-61,-101
97,63
-99,114
15,84
-73,-120
115,114
-1,114
42,-125
-96,-34
-80,-49
-46,-123
97,-5
52,-93
-124,82
81,65
90,4
-24,6
-80,-89
-76,27
-20,-24
89,-88
79,109
78,-33
-60,75
32,-62
-77,-114
-73,-84
-19,30
94,-28
-40,-95
-31,-115
-127,56
-62,-97
-76,114
101,117
-8,105
19,-31
101,-88
-59,-96
-38,-60
94,-11
45,103
12,77
-31,119
-75,-35
79,-91
83,112
105,-33
92,44
-78,-35
-103,94
-83,121
-43,-86
5,106
122,-46
-112,-71
63,-23
-33,-2
106,-5
83,-74
52,85
17,-11
-43,-122
-73,62
-100,-94
57,15
-42,53
6,-30
111,54
35,24
-8,49
84,122
6,70
111,59
56,2
-37,-97
-53,92
-11,-7
9,-74
-35,-10
-42,75
-121,-5
-54,-17
-31,62
-110,-4
126,-105
127,31
88,-87
-117,-51
99,85
-34,59
-8,75
-23,-119
117,-70
56,49
12,-18
-115,-43
-83,106
42,-14
-76,-80
59,76
55,19
77,56
-31,29
-59,60
-47,15
-112,-25
70,81
40,-42
24,-14
60,-44
-78,-29
59,-18
-35,-58
-122,42
34,106
-128,36
66,-17
28,-64
46,7
17,57
85,-122
-19,116
2,-110
18,65
-89,-105
124,-117
-61,49
-120,-37
106,-65
5,-65
-119,41
-17,29
-6,123
-80,-122
-34,93
107,-55
-18,6
41,85
47,-108
104,-96
-23,-53
-102,16
-67,114
80,2
40,100
29,47
-24,39
92,-20
62,97
106,-119
7,-121
8,-52
78,-49
-104,-14
-75,92
-56,-32
82,-113
34,-37
67,-16
66,17
-27,11
-113,124
36,-53
-39,-81
-13,-33
115,-118
-64,55
38,-115
60,125
-94,103
114,-121
113,-122
-96,-63
-5,-94
95,90
-101,-32
18,-76
91,48
-5,48
98,38
-63,9
-81,-19
-54,-71
-86,-40
-13,71
30,74
-65,-32
-32,118
-122,90
-56,11
-23,28
-41,-14
-109,102
-89,-120
-23,10
31,111
41,-20
39,110
68,-105
-112,10
87,-17
-70,-53
-79,109
34,-89
-33,-28
23,-58
-26,-60
96,-4
107,-26
64,-22
-3,97
-50,4
92,41
81,65
55,61
-115,-92
1,-7
-59,-106
58,8
16,17
48,35
-123,-101
-63,-94
31,120
-20,104
94,-75
-57,55
101,-16
-97,83
109,-61
8,79
9,-8
8,-103
10,-45
27,-3
-112,124
-73,33
-30,46
73,125
-77,-56
-125,73
-21,105
40,71
64,-55
-99,-47
21,8
-93,-71
-100,16
14,-67
9,6
-37,-72
-14,-77
91,-4
-87,74
69,-57
80,-78
17,114
-47,124
46,66
35,-94
-17,92
-65,95
93,-103
-124,-66
-85,83
-77,115
118,-7
-119,48
34,124
20,50
-72,-20
45,94
90,-42
-97,-4
-125,88
105,82
77,-9
68,111
-41,85
28,72
-22,124
96,-115
-11,-47
-89,114
-126,76
-75,-71
44,-123
105,34
-17,-85
-24,32
-7,-1
-40,26
36,47
-106,15
-31,81
-33,-33
-57,-10
35,107
-20,-62
-122,18
-125,-103
10,-1
6,-95
72,-122
-2,7
-59,-72
-116,-103
-40,-41
48,-65
-31,-63
57,-47
-119,96
-89,-68
46,-102
20,-49
37,-128
-78,34
32,103
-26,38
-33,-125
-95,7
14,109
-24,-107
-122,106
50,-88
61,-89
-23,-27
-103,47
-52,-86
-62,-69
-16,-70
-17,93
-98,24
-18,74
97,-26
16,-9
123,-82
-121,-110
17,-46
121,1
42,-101
81,15
-33,-69
-40,30
-55,53
-109,63
-23,105
-54,-31
30,-104
104,8
28,31
83,119
96,25
-125,8
104,61
-86,38
-41,-51
-54,-98
-16,59
-101,-9
-51,-106
66,-34
-74,-28
26,-67
6,96
-124,3
-37,104
-36,62
-50,98
-65,117
-64,-47
21,-123
-87,76
4,85
-17,-124
-49,-54
-8,89
20,-14
-76,91
123,-78
-86,32
-115,5
32,-123
-81,-127
78,-96
-105,-104
118,-76
54,21
40,1
56,-33
-113,10
27,-104
18,104
-76,-37
71,39
88,-106
-14,-11
50,-22
108,-3
-117,79
4,-25
-51,72
-23,-1
29,-54
114,90
-5,-97
-18,-32
-55,-50
58,82
40,-124
-22,-36
22,122
-31,9
19,-6
-99,-7
119,100
-51,-51
-22,61
-126,118
-123,3
-91,-38
93,38
53,-85
22,3
52,-81
-84,-110
-29,-29
41,-8
25,-124
63,-29
118,38
2,-128
-50,-69
56,-5
-67,126
-82,-66
65,29
88,0
32,108
13,-35
-62,-36
72,-100
-121,86
-79,-93
111,57
92,30
17,-90
-99,76
40,-18
44,127
-96,-100
-72,16
119,-4
66,85
76,50
-48,99
50,13
3,58
62,49
103,-100
-105,64
-62,-36
-98,-8
-18,-42
65,93
-67,-43
-90,118
-12,29
-72,117
-126,-127
15,-63
-46,-13
28,-88
-87,-61
-77,-113
16,-115
44,-104
-83,-73
-127,60
-76,-13
-10,-48
15,-27
65,77
-97,-32
-80,69
101,-52
120,-38
40,100
-124,29
56,101
-8,-102
-70,-54
121,105
-105,62
53,113
-108,-45
37,-36
90,-27
-88,-113
-115,-62
46,91
-74,-94
-69,106
89,-7
14,-11
-113,-7
125,30
78,83
112,-67
-8,27
35,108
125,58
-18,-18
77,127
-44,-122
-70,99
63,115
-40,-44
-44,79
72,-49
-59,84
-41,-72
34,116
51,116
-2,102
2,-29
37,1
15,-78
-65,67
68,115
-119,-43
-98,52
-66,-113
-92,23
-22,-98
-88,8
-38,-55
-29,-14
-125,68
-52,-6
-111,-104
-34,85
90,-64
-114,32
27,-62
-61,-103
-110,94
-38,-38
-24,46
-34,34
-128,100
119,-29
96,-63
-110,-46
-102,-9
50,-105
-13,-114
84,19
126,-92
-29,-102
29,-90
-8,-25
-69,85
-96,33
-88,33
-52,46
81,-96
1,101
-127,15
6,87
27,98
40,69
65,29
-10,-83
108,77
-106,17
73,19
-2,-103
64,-87
35,118
89,67
-28,51
93,-125
99,32
-84,58
-120,45
-81,31
-15,-56
-58,26
67,-81
29,-98
-60,87
6,14
8,-87
15,110
14,-8
-110,-54
-16,-28
33,-41
-19,42
33,39
4,-115
120,-111
93,-37
1,-42
66,10
-70,53
-55,19
17,-60
75,10
-104,-18
-7,-82
21,-115
12,20
-61,113
-61,74
-70,17
-72,78
80,-15
-127,88
6,117
-16,83
-15,-78
-21,-119
-68,38
10,14
2,-62
-19,-62
58,16
-24,-50
-17,-85
12,116
37,2
-82,40
29,71
-43,126
112,40
26,56
-103,77
82,-89
92,-79
-128,-109
-31,-126
-7,-78
53,-61
41,99
-35,-92
68,72
-49,11
-104,1
75,9
31,22
10,107
-107,64
93,100
-76,40
-53,95
58,-5
-12,-29
66,-74
-10,78
-66,-30
-26,26
22,-48
-34,86
84,66
-65,14
-124,-31
109,123
96,9
34,19
88,6
18,123
-68,70
97,-14
117,61
21,13
62,-27
-77,115
85,99
-16,95
1,37
84,46
-102,-73
-104,37
-41,-95
-28,-18
82,29
-100,-107
-100,30
-79,18
-45,118
-36,-58
-50,-107
33,70
-46,37
73,-124
106,68
-8,3
47,79
6,-86
108,-20
106,-101
-104,-72
-85,-128
40,69
0,-80
105,-7
-19,-82
19,-35
0,-119
-107,101
-88,44
-57,-108
-93,-80
-57,-5
47,-41
-64,109
126,86
109,74
77,-40
-26,-114
107,-103
-73,62
67,34
-103,-94
90,-107
-100,65
96,44
5,104
123,-98
1,-125
-97,4
55,26
-9,76
-6,-28
-112,4
12,97
116,-66
-116,-117
-100,101
113,126
-100,-111
58,-119
-111,-38
-17,-71
119,-100
-92,-9
118,-42
-16,35
-92,-106
11,121
-118,-18
-23,127
-46,-51
-91,-9
65,19
-64,119
105,-120
126,-64
85,86
68,-54
-117,22
0,-54
44,-96
-121,118
-13,62
-115,12
-20,-100
93,-24
-9,6
103,17
12,-3
35,-113
-100,83
71,-9
115,114
117,127
-46,-90
16,9
75,-28
-22,-107
-90,73
5,-53
81,-74
79,22
-73,-77
-76,43
-55,44
-12,-128
-28,-30
-3,-38
23,-72
-98,125
-100,-10
-97,-68
100,64
-70,-116
116,-26
-107,-69
-82,73
28,-60
-77,-25
-35,-102
97,48
-108,97
74,49
-11,87
-21,-85
-24,105
38,-36
-95,120
62,16
70,22
-27,-72
-64,110
2,39
78,-61
-109,88
-40,78
119,42
-126,20
-81,-51
-43,77
25,26
91,-115
91,-26
-31,119
121,22
-77,-125
6,110
59,-44
82,112
39,-73
30,124
49,69
42,-9
-55,110
93,126
14,-66
-73,53
22,0
-84,-54
20,110
-36,-88
19,30
92,39
82,-118
111,-45
-23,-114
-88,-48
-47,20
-120,-78
5,-28
-128,-109
-74,-13
37,87
-78,34
-58,-127
58,15
-80,37
-51,20
111,7
-55,114
-90,67
-62,87
-18,19
-65,1
125,-124
-79,77
-80,94
-73,78
39,-30
-123,55
10,54
-38,63
18,72
52,-50
-59,126
4,59
77,-8
-120,-58
83,52
121,-115
-23,83
119,76
-23,21
-82,-110
111,-121
-37,17
-36,-9
-82,-64
120,-96
4,19
125,-89
-99,92
38,0
111,-103
108,-115
-79,-30
-22,-10
83,66
-79,-123
-17,-22
65,-17
-103,5
-77,-54
62,77
-73,12
27,7
75,81
-27,-90
90,-69
-52,-5
56,114
-126,36
-51,27
9,-93
120,73
-94,-27
35,102
-110,63
-54,-112
-33,-17
115,30
-54,-100
38,31
-45,99
62,-99
21,-5
-115,-63
-79,3
-125,1
-64,-70
-27,-26
-19,108
110,111
108,43
125,-38
-70,-7
-10,-71
54,-1
-67,112
99,-39
-29,-125
41,49
42,107
38,-42
25,93
-55,96
36,-20
-103,-94
7,127
-57,87
-68,12
2,-45
-21,-40
-49,-95
38,118
-89,95
122,-47
-94,89
-36,62
-87,-12
49,-14
66,-76
-95,55
107,108
-44,32
51,50
-118,104
-94,-89
112,5
35,6
-10,-9
-117,120
82,35
20,-95
-1,-88
112,-117
-97,-63
26,-111
74,72
-25,54
-124,125
125,96
-124,10
-11,110
-99,113
37,21
-22,-46
-7,46
-106,118
-19,-43
-5,125
46,-94
-72,20
-70,-123
127,-23
-81,-56
78,-117
-124,16
120,-105
96,88
-8,-90
-67,-64
91,-79
99,-95
-44,-26
14,-5
-84,8
15,-52
-23,-56
-92,40
96,-105
31,39
-127,68
56,-117
38,-60
-39,-59
-1,-75
64,-57
47,57
-38,70
-55,52
32,40
-15,0
50,-23
-54,-25
-100,-120
94,-119
35,-67
-97,-12
-44,-4
125,-9
-14,113
-23,-94
69,-120
-99,-22
-74,115
-32,53
-111,-18
112,-96
-38,93
109,111
-44,97
42,4
-2,19
24,-52
-87,95
31,46
-82,125
-41,102
69,-54
111,21
7,92
-82,103
-123,18
111,-76
-91,13
-112,7
-93,30
82,-9
78,-128
-60,123
98,-7
-26,52
-5,-55
-48,-33
44,-94
-64,-46
34,-127
103,75
-37,-122
-27,106
-120,40
112,-42
58,122
-10,79
-1,-55
-1,38
46,81
9,-76
90,-64
109,-10
23,-45
80,44
126,65
-34,-35
-37,-106
-51,-26
-43,90
32,61
-45,-93
62,-126
-61,-65
-64,-110
-124,41
35,-108
-21,-36
63,120
-75,-90
-22,-1
80,19
-68,-64
-22,1
15,70
-34,5
50,19
-97,-53
-26,-14
24,-81
104,34
53,13
-26,-105
-119,-112
50,-78
10,-92
-73,28
25,74
-35,34
-75,-1
94,84
14,-102
33,-61
66,63
-44,21
-26,56
-119,-93
-71,47
-61,22
59,8
36,-114
-25,-70
-13,-71
85,-49
-76,-38
22,-115
117,-37
-47,-85
95,-34
19,-74
-12,84
-96,-53
86,62
56,54
-126,0
121,37
-124,-113
9,-95
-38,-111
45,-106
-5,75
-91,27
70,54
-64,56
-38,-125
88,-15
-12,-46
-14,-57
51,-13
-117,-37
97,58
22,-59
-13,-77
22,-18
115,64
93,123
51,41
-26,101
99,7
105,-19
15,-61
25,98
-121,-39
68,17
-57,-18
-82,60
77,-70
-2,74
-41,2
-128,-124
102,89
-56,-21
100,29
-121,25
-98,-58
-68,22
49,-30
-11,97
45,71
110,25
-96,-42
44,113
26,-122
-105,-55
79,17
13,-80
80,-9
98,-48
-30,-71
-52,80
-111,-32
45,-71
111,112
-37,35
73,36
-79,60
-77,87
68,-90
20,-49
-56,116
-41,126
-14,122
29,-40
84,88
-107,13