0,0
12,0
23,0
-5,0
-7,0
-39,0
0,-33
0,-7
12,6
23,-22
0,50
-5,-36
-7,-15
0,65
0,54
-39,-33
0,19
0,-1
12,29
23,31
0,-2
-5,-94
-7,21
0,33
0,-96
-39,104
0,8
12,-113
23,5
0,-16
-5,-120
-7,13
0,-59
-39,12
0,15
0,31
12,-125
23,-23
0,1
-5,55
0,-27
0,87
-39,21
0,-36
12,-120
23,10
0,13
-5,65
-7,-18
0,61
-39,27
17,0
-11,0
-4,0
-21,0
-22,0
17,6
-11,-22
-4,-36
-21,-15
-39,54
-22,-33
17,29
-11,31
-4,-94
-21,21
-39,-96
-22,104
17,-113
-11,5
-4,-120
-21,13
-39,-59
-22,12
17,-125
-11,-23
-4,55
-39,87
-22,21
17,-120
-11,10
-4,65
-21,-18
-39,61
-22,27
14,0
10,0
-8,0
-24,0
14,6
10,-22
-8,-36
-11,-15
-24,-33
14,29
10,31
-8,-94
-11,21
-24,104
14,-113
10,5
-8,-120
-11,13
-24,12
14,-125
10,-23
-8,55
-24,21
14,-120
10,10
-8,65
-11,-18
-24,27
22,0
11,0
-3,0
-19,0
-35,0
-29,0
-33,0
22,-7
11,6
-3,-22
-3,50
-19,-15
-35,65
-29,54
-33,-33
22,-1
11,29
-3,31
-3,-2
-19,21
-35,33
-29,-96
-33,104
22,-33
11,-113
-3,5
-3,-16
-19,13
-35,-2
-29,-59
-33,12
22,31
11,-125
-3,-23
-3,1
-35,-27
-29,87
-33,21
22,-36
11,-120
-3,10
-3,13
-19,-18
-35,8
-29,61
-33,27
4,0
-26,0
-10,0
4,6
-26,-22
-7,-36
-39,-15
-10,-33
4,29
-26,31
-7,-94
-10,104
4,-113
-26,5
-7,-120
-39,13
-10,12
4,-125
-26,-23
-7,55
-10,21
4,-120
-26,10
-7,65
-39,-18
-10,27
21,0
18,0
-28,0
-1,0
-31,0
-40,0
-15,0
21,-33
18,-7
-28,6
-1,-22
-4,50
-31,-36
-22,-15
-40,54
-15,-33
21,19
18,-1
-28,29
-1,31
-4,-2
-31,-94
-40,-96
-15,104
21,8
18,-33
-28,-113
-1,5
-4,-16
-31,-120
-22,13
-40,-59
-15,12
21,15
18,31
-28,-125
-1,-23
-4,1
-31,55
-40,87
-15,21
21,-1
18,-36
-28,-120
-1,10
-4,13
-31,65
-22,-18
-40,61
-15,27
-13,0
-13,6
14,-22
14,-33
-13,29
14,31
14,104
-13,-113
14,5
14,12
-13,-125
14,-23
14,21
-13,-120
14,10
14,27
15,0
-23,0
-14,0
-32,0
-27,0
-17,0
15,-33
-28,-7
-19,6
-23,-22
-23,50
-14,-36
-32,-15
-27,65
-17,54
-21,-33
15,19
-28,-1
-19,29
-23,31
-23,-2
-14,-94
-32,21
-27,33
-17,-96
-21,104
15,8
-28,-33
-19,-113
-23,5
-23,-16
-14,-120
-32,13
-27,-2
-17,-59
-21,12
15,15
-28,31
-19,-125
-23,-23
-23,1
-14,55
-27,-27
-17,87
15,-1
-28,-36
-19,-120
-23,10
-23,13
-14,65
-32,-18
-27,8
-17,61
-21,27
26,0
1,0
21,-22
26,-36
10,-15
1,-33
21,31
26,-94
10,21
1,104
21,5
26,-120
10,13
1,12
21,-23
26,55
1,21
21,10
26,65
10,-18
1,27
-18,0
-41,0
-18,-7
-24,6
0,-22
-8,50
-19,-36
-41,-15
-3,65
-17,-33
1,19
-18,-1
-24,29
-8,-2
-19,-94
-41,21
-3,33
-17,104
1,8
-18,-33
-24,-113
0,5
-8,-16
-41,13
-17,12
1,15
-18,31
-24,-125
0,-23
-8,1
-19,55
-3,-27
-17,21
1,-1
-18,-36
-24,-120
0,10
-8,13
-19,65
-41,-18
-3,8
-17,27
-12,0
28,0
33,0
-12,6
28,-22
33,-36
15,-15
-5,-33
-12,29
28,31
33,-94
15,21
-5,104
-12,-113
28,5
33,-120
15,13
-5,12
-12,-125
28,-23
33,55
-5,21
-12,-120
28,10
33,65
15,-18
-5,27
9,0
-20,0
-6,0
-25,0
5,0
-9,0
-2,0
9,-33
-15,-7
-20,6
-6,50
-12,-36
-25,-15
5,65
-9,54
-2,-33
9,19
-15,-1
-20,29
-6,-2
-12,-94
-25,21
5,33
-9,-96
-2,104
9,8
-20,-113
-6,-16
-25,13
5,-2
-9,-59
-2,12
9,15
-15,31
-20,-125
-6,1
-12,55
5,-27
-9,87
-2,21
9,-1
-15,-36
-20,-120
-6,13
-12,65
-25,-18
5,8
-9,61
-2,27
-15,6
21,-15
11,-33
-15,29
21,21
11,104
-15,-113
21,13
11,12
-15,-125
11,21
-15,-120
21,-18
11,27
2,0
-4,-7
-4,6
9,-22
-2,50
-3,-36
-17,-15
22,65
2,54
-9,-33
11,19
-4,-1
-4,29
9,31
-2,-2
-3,-94
22,33
2,-96
-9,104
11,8
-4,-33
-4,-113
9,5
-2,-16
-3,-120
-17,13
22,-2
2,-59
-9,12
11,15
-4,31
-4,-125
9,-23
-2,1
-3,55
22,-27
2,87
-9,21
11,-1
9,10
-2,13
-17,-18
22,8
2,61
-9,27
3,0
27,0
36,0
32,0
3,6
27,-22
36,-36
32,-33
3,29
27,31
36,-94
32,104
3,-113
27,5
36,-120
32,12
3,-125
27,-23
36,55
32,21
3,-120
27,10
36,65
32,27
30,0
7,0
24,0
41,0
30,-33
7,-7
-8,6
24,50
2,-15
41,65
-1,54
30,19
7,-1
-8,29
24,-2
2,21
41,33
-1,-96
30,8
7,-33
-8,-113
24,-16
2,13
41,-2
-1,-59
30,15
7,31
-8,-125
24,1
41,-27
-1,87
30,-1
7,-36
24,13
2,-18
41,8
-1,61
44,0
35,0
18,6
44,-36
26,-15
35,-33
18,29
44,-94
26,21
35,104
18,-113
44,-120
26,13
35,12
18,-125
44,55
35,21
18,-120
44,65
26,-18
35,27
48,0
6,0
48,-33
3,-7
6,-22
3,50
-2,-15
11,65
-8,54
-20,-33
48,19
3,-1
6,31
3,-2
-15,-94
11,33
-8,-96
-20,104
48,8
3,-33
6,5
3,-16
11,-2
-8,-59
-20,12
48,15
3,31
6,-23
3,1
-15,55
11,-27
-8,87
-20,21
48,-1
3,-36
6,10
3,13
-15,65
-2,-18
-8,61
-20,27
29,0
25,0
29,6
25,-22
27,-15
41,-33
29,29
25,31
27,21
41,104
29,-113
25,5
27,13
41,12
29,-125
25,-23
41,21
29,-120
25,10
27,-18
41,27
-5,-7
-25,6
-31,-22
-15,50
-2,-36
26,54
-5,-1
-25,29
-31,31
-15,-2
-2,-94
-12,33
26,-96
-25,-113
-31,5
-15,-16
-2,-120
-12,-2
26,-59
-5,31
-25,-125
-31,-23
-15,1
-2,55
-12,-27
26,87
-25,-120
-31,10
-15,13
-2,65
-12,8
26,61
20,0
33,6
20,-22
-1,-36
22,-15
26,-33
33,29
20,31
-1,-94
22,21
26,104
33,-113
20,5
-1,-120
22,13
26,12
33,-125
20,-23
-1,55
20,10
-1,65
22,-18
26,27
40,0
28,-7
0,6
-40,-22
5,50
24,-36
-20,-15
-13,65
40,54
-4,19
28,-1
0,29
-40,31
24,-94
-13,33
40,-96
3,104
-4,8
28,-33
0,-113
-40,5
5,-16
24,-120
-20,13
-13,-2
40,-59
3,12
-4,15
0,-125
-40,-23
5,1
24,55
-13,-27
40,87
3,21
28,-36
0,-120
-40,10
5,13
24,65
-20,-18
-13,8
40,61
3,27
-16,0
13,0
-14,6
-25,-22
-16,-36
-18,-15
13,-33
-14,29
-25,31
-16,-94
-18,21
13,104
-14,-113
-25,5
-16,-120
-18,13
13,12
-14,-125
-25,-23
-16,55
13,21
-25,10
-16,65
-18,-18
13,27
37,0
-8,-33
33,-7
-40,6
-41,-22
35,50
-21,-36
37,65
-6,54
-1,-33
-8,19
33,-1
-40,29
-41,31
35,-2
-21,-94
37,33
-6,-96
-1,104
-8,8
33,-33
-40,-113
-41,5
35,-16
-21,-120
37,-2
-6,-59
-1,12
-8,15
33,31
-40,-125
-41,-23
35,1
-21,55
37,-27
-6,87
-1,21
-8,-1
-40,-120
-41,10
35,13
-21,65
37,8
-6,61
-1,27
-45,0
-43,0
-45,6
-43,-22
-6,-36
-16,-15
17,-33
-45,29
-43,31
-6,-94
-16,21
17,104
-45,-113
-43,5
-6,-120
-16,13
17,12
-45,-125
-43,-23
-6,55
17,21
-45,-120
-43,10
-6,65
-16,-18
17,27
-37,0
-38,0
24,-33
-37,-7
-38,-22
-20,-36
1,54
6,-33
24,19
-37,-1
-38,31
-20,-94
-4,33
1,-96
6,104
24,8
-37,-33
-38,5
1,-59
6,12
24,15
-37,31
-38,-23
-20,55
-4,-27
1,87
6,21
24,-1
-37,-36
-38,10
-20,65
1,61
6,27
-42,0
16,0
-43,6
-42,-22
16,-33
-43,29
-42,31
16,104
-43,-113
-42,5
16,12
-43,-125
-42,-23
16,21
-43,-120
-42,10
16,27
-36,0
-34,0
-36,-33
-38,-7
-37,6
-34,-22
-19,50
-12,-15
6,65
-36,19
-38,-1
-37,29
-34,31
-19,-2
-12,21
6,33
-36,8
-38,-33
-37,-113
-34,5
-19,-16
-12,13
6,-2
-36,15
-37,-125
-34,-23
-19,1
6,-27
-36,-1
-38,-36
-37,-120
-34,10
-12,-18
6,8
-39,-22
1,-36
-39,31
1,-94
-39,5
1,-120
-39,-23
1,55
-39,10
1,65
-35,-33
-31,6
-24,-22
-21,50
-9,-15
4,65
7,54
2,-33
-35,19
-31,29
-24,31
-21,-2
4,33
7,-96
2,104
-31,-113
-24,5
-21,-16
-9,13
4,-2
7,-59
2,12
-35,15
-31,-125
-24,-23
-21,1
4,-27
7,87
-35,-1
-24,10
-9,-18
4,8
7,61
2,27
-33,6
0,-15
-33,29
0,21
0,104
-33,-113
0,12
-33,-125
-33,-120
0,-18
0,27
-34,-7
-10,50
-26,-36
10,65
-12,54
-37,19
-34,-1
-10,-2
-26,-94
10,33
-12,-96
-37,8
-34,-33
-10,-16
-26,-120
10,-2
-12,-59
-37,15
-10,1
-26,55
10,-27
-12,87
-34,-36
-10,13
-26,65
10,8
-12,61
11,63
0,11
7,1
11,56
0,-3
7,6
11,39
0,28
7,-29
11,2
0,17
7,62
11,-4
0,9
7,-18
13,63
18,11
17,1
13,56
18,33
17,54
13,8
18,-3
13,39
18,28
17,-29
13,2
18,17
17,62
13,-4
18,9
17,-18
24,11
24,33
24,-3
24,28
24,17
24,9
6,63
12,1
6,56
12,54
6,39
12,-29
6,2
12,62
6,-4
12,-18
7,63
9,1
7,56
9,54
7,8
9,6
7,39
9,-29
7,2
9,62
7,-4
9,-18
12,63
38,11
15,1
12,56
38,33
15,54
38,0
12,8
38,-3
15,6
12,39
38,28
15,-29
12,2
38,17
15,62
12,-4
38,9
5,63
45,11
22,1
5,56
45,33
22,54
45,0
45,-3
22,6
5,39
45,28
22,-29
5,2
45,17
22,62
5,-4
45,9
3,63
46,11
16,1
3,56
46,33
16,54
46,0
3,8
46,-3
16,6
3,39
46,28
16,-29
3,2
46,17
16,62
3,-4
46,9
16,-18
23,122
0,26
12,74
0,-63
0,-44
27,11
15,-51
0,18
3,-34
0,-19
0,-29
13,111
12,-2
0,14
27,14
15,12
0,-11
3,9
14,-32
0,-10
13,-55
0,22
0,-17
23,-34
0,120
0,44
27,74
0,67
3,5
14,-24
0,-25
13,32
0,30
23,4
12,-14
0,4
0,-4
27,-58
15,4
3,-9
14,59
0,-12
13,10
0,7
23,-5
0,116
12,-17
0,-26
0,-31
27,7
15,33
3,-6
14,-39
13,24
23,-20
0,-6
12,-34
0,37
15,78
3,111
14,-49
0,-65
0,-54
13,25
41,122
10,-51
6,-34
10,111
41,-22
10,12
6,9
0,-32
10,-55
41,-34
0,74
10,6
0,-24
10,32
41,4
0,-58
10,4
6,-9
0,59
41,-5
6,-6
0,-39
10,24
41,-20
10,78
6,111
0,-49
10,25
35,122
14,74
15,-44
19,-51
13,-34
0,111
13,18
35,-22
14,-2
15,27
19,12
13,9
0,-55
13,22
35,-34
14,63
15,-17
19,6
13,5
0,32
13,30
19,0
35,4
14,-14
19,4
13,-9
13,7
35,-5
14,-17
19,33
13,-6
0,24
13,31
35,-20
14,-34
15,37
19,78
0,25
30,122
15,74
1,-63
22,-44
13,-51
16,-34
5,31
1,111
30,-22
15,-2
22,27
16,9
5,-32
1,-55
30,-34
15,63
1,-2
22,-17
13,6
16,5
5,-24
1,32
30,4
15,-14
1,4
13,4
16,-9
5,59
1,10
30,-5
1,-26
13,33
16,-6
5,-39
1,24
30,-20
15,-34
1,-11
22,37
13,78
16,111
5,-49
1,25
18,122
13,74
13,-44
0,-51
20,111
18,-22
13,-2
23,9
20,-55
18,-34
13,-17
20,32
18,4
13,-14
23,-9
18,-5
23,-6
20,24
18,-20
13,37
0,78
23,111
20,25
16,122
26,74
19,-44
0,-34
37,111
11,18
16,-22
26,-2
19,27
25,-32
37,-55
11,22
26,63
19,-17
25,-24
37,32
11,30
16,4
26,-14
0,-9
25,59
37,10
11,7
16,-5
26,-17
25,-39
37,24
11,31
16,-20
26,-34
19,37
25,-49
37,25
11,122
20,74
24,-44
20,-51
36,31
21,111
23,18
11,-22
20,-2
24,27
20,12
36,-32
21,-55
23,22
11,-34
20,63
24,-17
20,6
36,-24
21,32
23,30
11,4
20,-14
24,6
20,4
36,59
23,7
11,-5
20,-17
20,33
36,-39
21,24
11,-20
20,-34
24,37
20,78
36,-49
21,25
23,-33
0,122
12,-63
24,31
12,12
24,-32
0,63
24,-24
0,-14
12,4
24,59
0,-5
12,-26
24,-39
0,-20
12,-11
24,-49
8,0
11,-28
8,25
8,10
3,18
11,51
8,5
3,17
11,-23
8,18
3,-14
11,38
8,51
3,34
11,-84
8,40
11,-53
8,127
11,-65
0,96
8,-2
3,95
0,-48
8,16
11,-18
8,-7
3,-19
11,-47
0,-77
8,-69
11,-7
8,-28
11,-42
0,-38
8,-1
11,3
8,-9
3,14
8,-3
3,-24
11,45
8,11
3,67
11,-13
11,-12
0,97
8,23
11,-30
8,57
3,-23
3,-54
11,-6
8,1
3,23
11,26
3,37
8,3
3,38
13,-28
13,51
13,-23
10,18
13,38
10,51
0,34
13,-84
10,40
13,-53
10,127
13,-65
0,95
10,16
13,-18
10,-7
13,-47
10,-69
13,-7
10,-28
13,-42
10,-1
13,3
10,-9
10,-3
13,45
10,11
13,-13
0,56
13,-12
10,23
13,-30
10,57
10,1
0,23
13,26
10,3
0,38
6,25
8,12
8,-23
6,18
8,38
6,51
8,-84
6,40
8,-53
6,127
8,-65
8,2
6,16
8,-18
6,-7
8,-47
6,-69
6,-28
8,-42
6,-1
8,21
6,-3
8,45
6,11
8,-13
8,-12
6,23
8,-30
6,57
8,-6
6,1
8,26
6,3
5,-28
5,12
5,51
5,-23
5,38
0,51
5,-84
0,40
5,-53
0,127
5,-65
0,16
5,-18
5,-47
0,-69
5,-7
0,-28
5,-42
5,3
5,21
5,45
5,-13
5,-12
5,-30
0,57
5,-6
5,26
0,3
16,-28
3,25
3,10
16,51
16,-23
16,38
3,51
16,-84
3,40
16,-53
3,127
16,-65
16,2
3,16
16,-47
3,-69
16,-7
3,-28
16,-42
16,3
3,-3
16,45
3,11
16,-13
16,-12
16,-30
3,57
16,-2
16,26
3,3
27,-28
26,25
27,12
26,10
27,51
26,5
26,18
27,38
26,51
27,-84
26,40
27,-53
26,127
27,-65
27,2
26,16
26,-7
27,-47
26,-69
27,-7
26,-28
27,-42
26,-1
27,3
26,-9
26,-3
27,45
26,11
27,-13
27,-12
26,23
27,-30
26,57
27,-2
27,-6
26,1
27,26
26,3
17,-28
30,25
30,10
17,51
30,5
17,-23
30,18
17,38
30,51
17,-84
30,40
17,-53
30,127
17,-65
30,-2
17,2
30,16
30,-7
17,-47
30,-69
17,-7
30,-28
17,-42
17,3
30,-9
30,-3
17,45
30,11
17,-13
17,-12
30,23
17,-30
30,57
17,-2
17,-6
30,1
17,26
30,3
2,25
2,10
2,5
2,18
2,51
2,40
2,127
2,-2
2,16
2,-7
2,-69
2,-28
2,-1
2,-9
2,-3
2,11
2,23
2,57
2,1
2,3
11,48
7,5
11,-94
7,-127
7,7
11,-19
7,9
11,40
0,83
7,80
11,105
7,20
0,20
7,-8
11,-3
11,127
0,126
7,27
11,73
7,47
11,-31
7,59
11,-36
0,-128
7,-13
7,-38
7,50
7,76
11,25
7,-12
0,-121
7,11
13,48
17,5
18,65
17,8
13,-94
18,-27
17,-127
18,74
17,7
13,-19
17,9
13,40
18,83
17,80
13,105
18,25
17,20
18,22
13,-1
18,20
17,-8
13,-3
18,-2
17,-1
13,127
13,-22
18,126
13,73
18,-65
17,47
13,-31
17,59
13,-36
18,-17
18,-128
18,-49
17,-38
18,-32
17,50
17,76
13,-5
18,-121
17,11
24,-27
24,74
24,83
24,25
24,22
24,20
24,126
24,-65
24,-22
24,-128
24,-20
24,-121
6,48
12,5
6,-94
12,-127
12,7
6,-19
12,9
12,80
6,105
12,20
12,-7
12,-8
12,-1
12,27
6,73
12,47
6,-31
12,59
6,-36
12,-13
12,-38
12,50
12,76
12,-12
6,-5
12,11
7,48
7,-94
9,-127
9,7
7,-19
9,9
7,40
9,80
7,105
9,20
9,-7
9,-8
7,-3
7,127
7,-22
9,27
7,73
9,47
7,-31
9,59
7,-23
9,-13
9,-38
9,50
9,76
7,25
9,-12
7,-5
9,11
12,48
15,5
38,65
12,-94
38,-27
15,-127
38,74
15,7
12,-19
15,9
12,40
38,83
15,80
12,105
38,25
15,20
38,22
15,-7
38,20
15,-8
12,-3
38,-2
12,127
12,-22
38,126
12,73
38,-65
15,47
12,-31
38,-22
15,59
12,-36
38,-17
12,-23
38,-128
15,-13
38,-49
15,-38
38,-32
15,50
15,76
12,25
38,-20
15,-12
12,-5
38,-121
15,11
5,48
22,5
45,65
5,-94
45,-27
22,-127
45,74
22,7
5,-19
22,9
5,40
45,83
22,80
5,105
45,25
22,20
45,22
5,-1
45,20
22,-8
5,-3
45,-2
5,127
5,-22
45,126
5,73
45,-65
22,47
5,-31
45,-22
22,59
5,-36
45,-17
45,-128
22,-13
45,-49
22,-38
45,-32
22,50
22,76
5,25
45,-20
22,-12
5,-5
45,-121
22,11
3,48
46,65
16,8
3,-94
46,-27
16,-127
46,74
16,7
46,83
16,80
3,105
46,25
16,20
46,22
46,20
16,-8
46,-2
16,-1
3,-22
46,126
3,73
46,-65
16,47
3,-31
46,-22
16,59
46,-17
46,-128
46,-49
16,-38
46,-32
16,50
16,76
46,-20
3,-5
46,-121
16,11
0,103
0,91
10,-36
1,-37
1,-43
9,-51
10,-52
1,-28
0,73
15,-32
1,-14
9,-3
0,-21
1,-9
0,-13
15,-52
1,-16
9,-41
1,-3
0,-93
15,94
1,5
9,52
10,-17
1,6
1,-5
9,-2
2,91
0,-37
0,-43
1,-7
3,-51
2,-63
0,-52
1,-32
1,22
2,-21
1,-52
1,-44
3,-41
1,94
1,7
3,52
1,9
2,103
12,91
2,9
12,-21
3,-13
0,-41
2,-24
12,51
3,-93
0,94
0,52
10,91
5,-14
10,-63
8,73
10,-21
5,-52
8,-93
5,94
5,4
1,103
8,91
8,-63
10,73
8,-21
10,-13
1,-24
10,-93
8,103
11,91
9,18
11,-63
9,73
8,9
11,-21
8,-24
9,-93
17,103
13,91
4,-36
5,18
13,-63
4,-52
13,-21
4,-9
17,-24
4,31
5,-93
17,10
4,-17
12,103
2,-36
3,-43
2,-52
12,-24
2,31
12,10
2,-17
0,58
29,10
0,-40
0,-30
0,-56
0,49
0,35
21,-35
0,42
29,-46
0,-53
0,-8
0,-60
0,-45
29,4
0,79
24,66
0,-101
0,-50
21,-3
0,-91
0,-80
0,-35
24,-46
21,82
29,-3
24,-28
0,71
0,47
21,-29
0,108
29,-47
0,60
0,53
0,43
24,-81
21,-84
0,41
29,-37
0,2
21,-30
0,70
29,-33
0,55
24,-10
21,-41
31,-40
9,35
9,-35
31,7
15,28
9,-45
31,63
15,-36
11,66
9,-101
31,-91
11,-24
15,24
11,-46
9,82
31,79
11,-15
9,71
31,60
11,24
15,53
11,-81
9,-84
31,34
11,1
9,17
9,-30
31,-44
11,-25
11,-10
9,38
9,-40
26,33
19,-32
15,35
14,-46
26,-12
19,28
15,-45
14,4
9,63
19,-36
12,66
15,-101
9,-91
26,-24
19,24
12,-46
1,-13
0,82
14,-3
9,79
19,-2
12,-28
15,71
1,23
14,-47
9,60
26,24
19,53
12,-81
1,47
0,-84
14,-37
9,34
26,2
19,1
15,17
9,-44
26,-25
12,-10
15,38
14,33
11,-32
14,35
0,-46
14,-12
11,28
14,-45
14,18
14,-101
10,-14
14,8
14,-15
14,71
0,-47
14,24
11,53
14,-13
10,47
14,2
14,17
14,-25
14,38
10,19
1,-40
17,-56
11,35
6,-35
10,-12
11,-45
6,15
1,63
17,-27
5,66
11,-101
11,-14
1,-91
10,-24
17,-80
5,-46
6,82
1,79
11,71
11,23
6,-29
1,60
17,-41
5,-81
11,47
6,-84
1,34
10,2
11,17
6,-30
10,-25
17,55
5,-10
6,-41
7,-41
13,35
13,-45
7,51
0,66
13,-101
7,-16
5,-15
13,71
5,24
7,-43
0,-81
7,-24
13,17
5,-25
12,33
12,-56
17,35
6,42
12,21
21,-8
16,13
17,-45
6,-17
12,18
12,-27
21,51
16,-19
17,-101
6,22
18,24
12,-80
21,-16
16,-35
6,-10
12,-15
21,11
16,-4
17,71
6,108
12,24
18,53
12,-41
21,-43
16,57
18,1
21,-24
17,17
12,-25
12,55
21,9
6,-14
17,33
28,-41
28,-8
17,18
28,51
35,-19
28,-16
35,-35
17,-15
28,11
35,-4
17,24
28,-43
35,57
28,-24
17,-25
28,9
35,2
6,35
7,-10
6,-37
6,-39
7,22
13,-128
6,-68
7,16
6,37
7,-9
6,-111
7,-20
6,-42
13,19
6,-49
13,-32
6,-15
6,19
13,1
7,-80
7,-15
6,-26
6,28
6,-24
6,-82
13,-67
7,-21
6,14
6,-78
7,10
6,-40
7,12
6,58
6,-8
6,-72
7,-2
6,76
13,13
7,3
6,-13
13,-35
7,4
6,7
7,-53
6,4
11,-128
0,-68
1,37
0,-111
1,-42
1,-30
1,16
1,-35
1,28
1,-82
11,-67
1,14
11,5
0,-78
1,-31
1,58
1,-8
11,-17
0,-72
1,76
1,11
11,13
11,-9
1,2
11,-35
10,-128
10,-5
10,7
0,-42
10,-32
10,-19
0,-82
10,-67
0,76
10,30
10,-4
10,-35
9,-128
9,-5
9,25
9,-32
9,2
9,-19
9,-28
9,-67
9,-17
9,30
9,13
9,-9
9,3
9,-4
9,-36
2,6
2,-128
2,-5
2,7
2,19
2,-32
2,2
2,-19
2,8
2,-67
2,30
2,-4
2,-35
2,-13
7,35
7,-39
7,-68
7,-111
7,-49
7,19
0,-67
7,-78
7,-40
7,-72
7,-6
7,42
4,35
4,-39
4,-4
4,-68
4,-7
4,-111
4,-49
4,-15
4,19
4,-29
4,-23
4,5
4,-24
4,-78
4,-40
4,-72
4,-5
4,9
4,2
4,-6
4,42
9,-10
9,22
9,16
9,-20
9,-80
9,-15
9,-16
9,-21
9,12
9,-59
9,4
9,-53
22,-11
8,37
22,23
1,-72
0,-90
22,-85
0,84
8,-41
22,-24
1,66
8,64
22,32
1,75
8,28
8,33
16,-15
4,-18
4,-54
16,17
4,37
1,-22
4,-90
1,-85
1,84
4,-59
0,64
16,-40
4,27
0,75
1,-56
4,14
1,35
18,-18
4,-22
3,15
18,-54
4,-16
3,28
10,17
18,37
4,-30
18,-90
4,-56
0,-85
3,84
18,-59
4,22
3,65
10,-40
18,27
4,30
3,-56
18,14
4,-14
3,35
14,-18
7,-11
2,-8
14,-54
10,-16
14,37
10,-30
7,23
14,-90
10,-56
7,-85
14,-59
10,22
2,38
3,64
7,32
14,14
3,33
10,-54
14,-16
10,37
14,-30
10,-90
14,-56
10,-59
14,22
10,27
14,30
10,14
13,-54
7,18
7,-58
13,-90
13,-59
7,-34
13,14
5,9
3,-8
21,18
5,35
21,-58
21,-13
21,-34
21,47
14,-8
14,9
13,-16
2,35
14,-58
13,-56
4,24
4,66
6,64
4,75
14,47
4,-33
8,14
30,-16
25,56
0,45
0,-74
30,-19
0,-99
25,16
30,2
25,25
0,48
8,17
30,20
25,-7
8,-51
30,-44
25,9
0,102
0,-95
0,69
8,-5
25,18
0,-70
0,39
30,-30
25,-37
32,56
15,45
27,-16
71,-74
32,16
71,-50
1,-50
17,-10
32,25
15,-35
71,-17
17,4
32,-7
11,87
71,0
1,1
17,-16
32,9
14,-5
15,-95
27,-43
11,11
10,-20
71,-30
32,18
14,-7
15,-70
27,-78
71,-47
17,-21
32,-37
14,-9
27,-21
71,-14
16,-27
10,56
30,30
8,-74
27,-17
30,21
8,-50
27,-35
8,-17
27,27
30,87
16,-25
10,9
27,-95
27,-70
30,39
16,-21
10,-37
27,59
30,-15
8,-14
20,-27
2,14
5,-48
21,45
41,30
20,-47
5,-21
21,-17
2,-41
2,17
5,-40
21,27
41,87
20,-25
2,-51
5,47
21,-95
41,11
20,26
5,-34
21,-70
41,39
20,-21
21,59
41,-15
23,-16
14,56
23,45
15,30
37,-47
23,-19
14,16
23,-17
13,-50
23,2
13,-10
14,25
9,-25
23,-35
13,-24
37,4
23,20
23,27
15,87
37,-25
23,-44
23,-95
37,26
23,15
23,-70
15,39
37,-21
23,-30
23,59
40,-7
40,-27
7,-48
10,45
40,-9
40,-47
1,-19
40,-50
6,-25
40,-24
40,4
1,20
6,17
40,1
40,-25
10,-95
40,-35
40,26
10,-70
11,37
40,-44
40,-21
7,-42
10,59
11,-16
2,-16
4,12
15,-48
15,-9
4,-12
15,-21
15,-50
1,-41
4,-10
2,-25
15,-24
1,17
2,20
15,-40
1,-51
2,-44
2,15
2,-30
4,3
15,-42
23,-27
18,-48
23,-47
18,-21
8,-10
18,-40
23,-25
8,-16
18,47
23,26
23,-21
18,-42
5,-26
0,72
5,17
24,47
5,20
24,127
5,7
24,7
5,-61
24,-60
5,29
24,48
0,-71
5,-11
24,-13
24,-18
5,58
0,93
24,58
0,-64
24,2
0,-57
24,42
24,12
5,14
24,36
24,-47
5,32
24,-52
24,-8
24,41
5,-59
0,46
24,-29
24,-15
24,-7
24,5
10,55
10,-11
10,-58
0,-61
10,-71
10,-8
10,15
0,36
10,28
10,48
10,34
10,-10
10,-26
10,-65
10,63
8,-26
8,20
8,7
8,-61
8,29
8,-81
8,-11
8,58
8,-19
8,48
8,32
8,-15
8,-59
8,-40
19,-26
19,17
19,20
19,7
19,-61
19,29
19,-81
19,-11
19,-6
19,9
19,58
19,2
19,-24
19,-21
19,-14
19,45
19,14
19,-19
19,48
19,32
19,-15
19,-1
19,-59
19,-40
19,-3
11,-26
11,20
11,-61
11,-11
11,9
11,58
11,14
11,32
11,-59
11,-40
7,72
7,29
7,13
7,53
7,26
7,38
7,93
7,-28
7,-64
7,-57
7,15
7,14
7,24
7,97
7,46
7,-37
7,-45
7,-51
20,72
20,29
20,13
20,40
20,53
20,-39
20,-4
20,38
20,93
20,-28
20,-64
20,-57
20,-3
20,15
20,7
20,14
20,127
20,1
20,97
20,8
20,46
20,-37
20,-45
16,127
12,22
19,-35
12,-6
0,-100
0,-86
19,-79
12,-9
19,10
16,-14
19,-10
12,-54
16,-41
0,98
19,109
16,-26
0,80
19,-46
19,-37
16,-71
19,-75
0,-89
12,-32
16,32
19,-69
15,-23
8,-27
8,19
15,36
0,-79
8,54
15,48
0,62
15,-16
15,98
0,109
8,-34
15,55
8,24
8,95
0,-75
15,25
21,-4
5,-8
14,19
3,-27
14,-6
21,-26
5,11
14,-10
3,19
14,11
21,-25
5,-86
3,-10
14,52
3,54
21,-46
3,-52
14,-38
3,-47
3,24
3,-15
21,6
3,-17
14,7
21,65
21,33
5,80
14,-55
5,-9
14,-20
21,-38
14,-89
21,-9
14,-26
8,-35
12,-86
8,-79
16,-46
12,-61
16,-16
12,31
9,-39
16,65
8,109
7,-65
9,29
16,33
8,-46
9,-55
16,-24
8,-37
12,-39
8,-75
9,-89
9,-26
7,-35
17,-86
7,-79
9,-46
17,-61
13,-52
6,-21
17,31
17,25
9,65
7,109
6,-65
9,33
7,-46
9,-24
17,-9
17,-39
7,-75
7,-69
14,-4
3,-30
3,-100
12,36
9,-52
12,-16
9,24
3,-21
3,-29
14,65
12,98
9,14
3,-77
22,-28
2,-23
22,-30
6,6
2,-12
4,11
22,-100
2,36
6,52
3,7
22,-9
2,48
1,-21
6,-38
6,62
1,-10
22,-21
5,-17
4,7
2,98
1,-65
6,29
4,-3
2,55
6,-55
22,-6
1,-4
6,-20
22,-56
6,-71
1,-34
6,-89
22,-77
6,32
5,-20
17,-100
2,-6
16,-86
2,-79
2,-10
3,-42
5,-33
16,-61
2,62
16,31
2,24
2,-14
16,25
5,34
2,109
3,-65
5,97
17,13
2,-26
2,-46
5,75
2,-37
2,-71
16,-39
2,-75
17,-77
2,32
5,-35
12,46
18,54
4,40
3,-39
4,-8
4,-28
1,46
18,-26
17,-4
4,13
4,15
12,41
18,-12
4,-19
17,14
4,-25
4,10
18,-41
17,43
1,-54
0,89
4,74
18,-52
4,77
4,-34
4,20
18,30
4,-1
4,-26
18,-64
17,-5
3,20
3,-32
1,13
0,-87
18,12
17,44
3,30
1,-49
4,-70
0,-62
18,15
17,-26
17,-3
4,99
4,-45
3,47
4,16
12,37
4,21
4,-20
4,-13
3,-18
12,17
18,-24
4,56
6,-54
14,-74
8,72
8,46
27,9
16,34
14,-75
8,8
4,-47
4,28
24,-12
8,-20
3,22
24,21
8,43
14,70
8,41
16,49
4,-58
27,28
1,51
24,16
8,-8
14,-63
4,44
4,-51
27,-10
3,-25
8,-70
8,-36
16,69
3,77
24,3
27,-27
16,36
16,22
4,-11
27,-33
24,4
8,31
16,74
4,41
27,43
16,-48
24,53
16,37
4,34
6,-48
14,-68
16,-74
4,-42
27,-44
16,60
4,4
24,-31
8,-4
16,-85
4,46
27,22
1,-27
3,99
4,36
24,10
8,-25
8,-101
4,55
16,15
3,-20
4,54
24,18
4,-31
16,-44
17,-32
53,-32
9,89
15,42
0,-73
17,53
53,-59
15,-3
17,66
53,-52
9,-43
17,37
53,102
53,9
53,-41
9,100
53,72
9,-58
53,0
17,-57
53,-6
17,-58
53,-44
15,-68
17,19
53,127
9,23
0,85
17,-34
53,25
9,51
15,-19
53,-55
53,92
9,66
53,-62
15,34
53,8
0,99
17,-19
9,-65
15,-98
53,114
53,-10
0,68
53,7
17,63
53,47
9,37
17,61
53,19
9,-63
53,-90
53,-30
17,-52
53,35
15,-6
53,-26
15,3
17,-74
53,75
9,81
15,-27
0,-66
53,76
9,114
17,-11
53,54
53,-87
9,-60
15,-28
53,-19
53,-75
53,-7
53,-9
53,-80
15,40
53,52
53,-23
15,-39
9,-96
15,51
15,-75
53,4
53,-14
15,69
53,-12
9,77
15,49
53,-128
9,-31
15,93
53,-27
15,14
17,39
53,-21
9,-49
53,-61
53,-110
0,86
53,-29
9,-27
53,-18
17,-22
53,24
9,-47
17,22
9,36
17,23
53,94
53,11
9,-11
15,-37
17,28
53,32
9,-50
53,-97
17,-70
53,-15
9,28
17,-36
15,-20
17,56
15,2
12,-35
17,89
12,42
12,-73
10,53
12,52
10,66
17,-43
12,-99
13,102
12,97
10,-42
13,-41
17,100
12,-52
13,72
12,71
12,13
10,-57
12,-68
12,85
10,-34
12,-42
17,-51
12,-44
13,92
12,-43
13,-62
12,34
10,-29
12,23
12,-98
12,38
13,114
12,-37
17,34
12,68
17,60
13,47
10,61
17,-63
17,-44
12,-72
10,-45
12,30
13,-26
12,3
12,-85
10,-74
13,75
17,-59
10,-33
17,81
12,-66
12,-59
13,76
17,114
12,26
13,54
12,43
13,-87
17,-60
10,-38
17,-20
12,15
12,35
10,20
13,-75
12,-47
12,-58
13,-80
13,52
17,-89
12,14
17,-96
12,-20
12,-40
17,-128
12,-75
12,19
12,69
17,77
12,49
10,-39
17,-31
12,93
13,-27
10,39
17,-49
13,-61
12,45
13,-110
12,86
13,-29
12,-33
17,15
17,36
10,-6
13,94
10,50
13,11
17,-50
13,-97
12,60
13,-15
17,-46
12,53
12,-55
19,119
19,13
19,11
16,-3
19,16
16,35
0,-127
16,39
19,64
19,-65
19,84
16,-56
19,18
0,-109
5,-50
0,-124
19,-34
19,-42
19,30
12,-30
16,42
16,52
19,-13
0,77
19,46
19,-31
5,27
12,-91
16,-31
16,24
19,60
0,90
0,101
19,-9
5,-41
19,100
16,23
19,-5
19,43
19,91
0,-88
0,88
19,-66
0,-83
5,-63
19,-67
19,47
19,40
12,57
19,23
0,-114
19,-71
5,-62
19,35
12,-64
16,-11
19,15
12,-45
16,-10
5,-79
12,-90
0,-92
16,86
12,88
0,-76
0,105
5,61
12,28
5,28
19,55
0,92
0,-116
5,15
16,-50
19,54
16,10
19,26
17,52
7,119
13,-49
6,-12
17,-55
17,-66
2,39
2,-39
2,26
6,69
7,64
13,16
9,-37
17,74
6,54
17,-79
7,84
13,-39
2,4
17,58
6,91
7,33
6,-18
7,-44
2,-50
17,-124
17,67
9,-14
17,127
7,30
2,-11
17,-35
17,30
6,77
9,21
13,50
13,-57
7,60
13,-11
13,-43
6,90
9,101
6,-47
7,100
6,20
2,-47
17,-62
7,43
7,91
17,88
7,-66
7,-32
7,-67
2,-42
6,38
9,67
13,-40
6,101
2,-40
9,-71
6,24
2,33
7,-71
13,34
2,-62
17,75
9,-34
17,40
13,-37
13,-46
6,-76
17,105
9,32
2,-65
2,28
17,70
7,55
17,92
9,-57
17,-116
7,-17
2,58
17,-93
7,28
10,70
6,-32
10,113
16,-43
10,-47
6,13
2,45
3,-11
6,98
2,75
2,-31
5,19
10,35
7,-27
4,-63
3,4
9,-61
2,37
7,-26
4,-21
6,36
7,69
16,-93
6,70
4,-41
2,-22
0,113
3,44
8,6
11,-54
8,56
1,29
5,-58
4,52
9,98
8,35
15,52
3,26
1,48
5,5
15,-5
8,-43
3,45
1,-53
4,-61
15,-25
4,18
1,-39
4,38
4,69
3,-66
8,-52
1,39
4,-67
15,-46
9,70
11,43
1,-25
0,-108
19,66
16,-69
42,37
19,3
16,-45
42,38
42,0
5,-37
19,-38
4,-38
42,20
19,-8
19,34
0,-106
42,-21
19,49
4,120
16,-68
42,2
0,119
19,-89
4,-95
16,-51
10,-113
42,13
42,119
4,1
42,5
19,-80
42,75
19,-33
42,-25
19,-48
4,47
16,-17
42,21
17,-82
19,-25
0,-94
42,-12
4,17
42,-3
2,-43
21,4
16,30
11,-75
21,-45
2,-38
1,86
17,-64
1,-17
13,41
6,-106
4,25
21,28
13,23
7,-14
2,120
1,44
2,-95
6,75
14,1
17,-90
2,22
6,-16
21,-50
13,70
6,-60
11,86
13,28
1,52
1,-29
14,69
2,47
7,-82
2,34
21,34
14,48
2,-53
21,52
11,10
6,-11
4,-44
5,116
0,125
5,43
5,-77
5,23
0,-107
5,-69
5,-75
5,-80
5,-56
5,-73
5,6
0,117
0,106
5,-88
5,-38
5,36
5,10
5,41
5,-71
5,-43
0,-103
4,-62
3,-12
4,127
4,-109
3,53
4,-53
4,60
4,-107
3,-26
3,-63
4,-50
3,-60
4,-69
4,-79
3,-80
4,106
4,-77
3,36
3,-57
4,-57
4,68
3,68
4,-55
3,-55
3,-103
4,-106
12,-77
17,-69
4,-37
1,-20
0,-112
0,114
4,89
1,-23
7,-54
5,37
11,44
17,79
7,-30
12,-48
4,49
1,36
7,34
7,17
5,-91
1,-6
13,113
4,-48
1,43
13,-48
3,-50
3,-112
2,79
3,86
2,44
3,-46
17,46
13,59
3,-38
2,-29
17,-14
17,41
3,46
13,15
2,-73
23,1
11,61
23,25
14,-28
5,-44
14,-35
14,26
5,46
14,-31
23,6
2,46
5,54
11,94
5,68
13,117
23,-11
13,36
1,-76
23,43
2,64
1,-79
14,-43
23,-3
5,22
23,-12
13,29
23,-37
11,88
13,20
11,42
14,3
27,8
18,-47
9,61
58,-42
27,72
18,2
58,-27
27,39
5,108
58,-14
58,0
27,-1
58,-45
27,-40
1,30
10,-41
58,-21
27,-34
18,32
18,46
9,94
58,-28
14,41
19,-28
1,42
58,53
27,29
18,-9
12,64
18,3
1,-18
58,-25
14,-51
27,-5
3,91
18,64
58,19
18,-16
18,-8
9,-6
58,3
1,-12
18,18
58,13
1,62
27,19
18,108
12,-67
18,-14
9,88
58,10
14,-11
27,15
18,34
3,-40
10,-31
9,42
58,7
5,30
0,-102
5,42
5,55
5,-119
5,88
5,-55
5,-51
5,81
5,44
5,79
0,123
5,49
5,-54
5,-68
5,121
0,107
0,-104
5,-109
5,72
5,115
5,77
5,76
5,-99
5,-101
6,-102
16,40
16,-119
6,53
6,43
6,-52
16,88
16,18
6,-51
16,81
6,-127
16,79
6,-93
16,-52
16,-54
16,-75
16,28
16,121
6,107
6,-104
16,-109
16,72
16,115
6,-46
16,-99
6,79
16,14
16,-101
6,-70
2,84
10,44
9,43
2,72
10,29
9,-64
13,-77
9,-54
0,81
9,125
10,101
1,18
11,16
1,56
1,-15
2,43
1,-45
6,123
2,-82
1,3
2,-77
1,26
11,50
1,81
14,-57
2,41
1,31
14,-44
14,-40
3,61
3,-44
22,-86
22,-84
22,35
22,12
22,30
4,50
22,-51
4,61
6,46
0,118
28,7
24,38
72,-15
72,0
28,-28
72,-27
28,-2
24,-64
14,68
2,-83
2,-86
72,-33
28,4
72,7
72,19
28,-13
72,10
72,16
24,-21
72,-25
28,27
24,-9
72,46
9,26
72,9
28,21
24,-4
72,-10
6,55
6,-79
6,-43
0,-126
0,-117
6,-64
6,-59
0,-115
6,-62
1,-38
1,53
9,44
9,53
1,-47
6,-63
4,48
4,51
6,-44
2,49
2,92
9,-56
9,57
1,78
2,-20
1,38
1,40
9,-62
6,-87
1,-46
9,-72
1,45
6,34
4,-76
11,-50
5,-60
12,44
11,-37
1,-99
4,-60
1,-62
4,-46
4,-35
11,49
1,71
4,67
5,69
4,-32
11,92
11,-39
4,32
12,-51
1,59
4,117
4,64
22,66
18,-75
4,26
35,25
13,62
22,-32
18,-19
22,14
35,22
3,-59
35,-14
22,46
18,13
35,-9
1,33
13,-20
22,-31
22,4
22,-34
18,-10
0,115
35,-13
0,121
35,-23
7,45
22,34
35,38
22,-75
3,-53
18,69
22,-45
35,7
18,-39
35,-17
15,-11
22,17
18,-13
22,-23
18,42
35,47
22,3
3,-49
22,60
22,-3
15,26
22,-4
18,-35
35,5
1,-67
18,60
18,-83
35,31
3,-75
1,-48
22,-16
35,-40
22,39
18,-11
18,-4
35,43
18,7
3,-58
22,-74
7,21
15,-31
3,-76
35,35
5,57
22,-5
18,26
13,-72
22,36
18,-43
35,11
22,-10
22,51
18,48
4,39
35,29
3,32
1,-128
18,-6
22,-65
18,38
4,59
35,30
3,100
13,68
22,57
22,-14
35,24
18,10
12,-105
14,-27
4,-66
2,-45
9,-103
4,-71
14,-71
2,-34
14,15
9,-78
2,42
2,77
12,-57
14,49
9,69
14,-62
2,-74
0,100
14,-42
9,41
14,-36
14,-52
2,-90
5,67
14,-41
2,-66
2,85
9,84
14,-67
5,64
9,-70
12,-79
12,-83
4,80
14,13
14,-66
0,-123
14,55
2,93
2,60
14,-69
9,-88
9,46
5,90
14,-19
9,68
14,66
5,70
9,-100
12,-53
14,53
2,-80
2,67
4,72
2,86
4,102
14,51
14,-48
14,50
12,-100
12,-74
4,73
4,81
2,68
4,-74
12,-60
2,-61
14,-61
9,40
2,-54
14,61
2,-72
4,23
5,16
9,-69
2,-48
12,61
4,-64
2,-76
5,71
9,-110
14,80
5,-57
12,16
9,-82
2,-57
9,-76
4,94
2,-70
14,-65
5,60
9,-121
2,56
14,34
12,-82
2,52
9,-109
14,-29
12,-102
9,-105
2,96
9,-48
14,44
9,-73
2,110
6,26
4,-83
1,-77
2,-27
9,-111
4,-128
1,-69
6,-73
10,84
6,-45
1,49
4,53
2,-49
9,45
9,39
4,-75
6,41
4,-80
4,-43
6,-74
10,-92
10,-43
0,-119
9,-81
2,-64
2,29
10,-75
9,-74
4,63
4,92
4,-96
10,42
1,-66
9,56
4,-85
0,110
4,43
1,90
2,-100
9,-79
0,-105
10,-60
6,-75
9,-42
9,48
10,-48
10,-86
4,91
6,60
6,-53
2,50
4,-81
1,89
4,76
1,-84
6,-57
1,69
2,-81
10,89
1,-68
2,-68
6,45
1,57
10,41
1,-70
10,36
10,54
1,-83
6,-66
2,94
4,85
1,-71
6,-56
10,88
2,-92
4,116
1,-64
4,103
1,68
1,85
6,66
1,-61
1,-114
2,63
1,67
4,98
1,-58
1,64
1,-113
1,73
1,-93
3,-45
1,-100
4,110
3,-35
4,90
1,-104
18,-53
18,-51
8,30
8,-22
8,-29
3,-37
5,52
8,27
3,81
8,-38
19,8
8,69
8,70
8,87
8,71
7,-128
3,58
7,-117
3,-68
4,-94
4,-73
14,36
7,-25
8,-44
14,-82
8,60
4,-99
4,58
8,55
20,16
31,64
20,-13
15,29
28,-5
14,23
29,63
31,0
14,-1
20,18
31,67
20,-10
29,67
31,66
31,61
29,62
29,68
31,65
28,-4
29,64
54,0
54,94
58,110
41,80
22,44
54,85
58,115
41,83
22,42
54,-95
58,-116
41,-82
54,106
58,116
41,84
41,82
54,102
54,8
58,9
41,6
54,-84
58,-113
41,-80
54,103
58,114
41,81
54,-73
41,-85
54,109
58,113
22,49
9,-90
9,49
9,-75
48,-47
16,19
19,25
48,-48
19,22
24,-14
48,-44
6,50
4,62
8,-31
8,13
8,59
8,62
12,-88
8,42
3,42
3,43
11,34
4,88
4,82
8,47
8,22
5,-29
8,-33
4,45
29,22
28,17
20,56
25,72
29,21
28,16
20,52
25,67
20,55
25,71
20,54
25,70
20,57
25,73
25,68
29,19
25,69
31,10
31,54
31,55
32,-32
36,-48
32,-11
36,-6
13,-69
32,-21
36,-20
13,-25
32,3
36,16
13,55
32,-18
36,-18
32,-23
13,120
32,-14
36,-13
36,17
32,-19
36,-23
5,93
32,-52
36,-51
36,-15
32,-34
36,-28
13,44
32,-22
3,74
36,-35
32,-31
36,-26
32,-36
36,-30
36,-16
32,-29
1,72
36,-21
32,-12
36,1
9,-66
32,-25
13,-38
36,-25
32,-13
36,-11
32,-16
36,-8
32,2
3,41
36,4
32,-41
32,-62
3,55
36,-78
13,123
12,58
7,49
13,42
32,-20
36,-33
13,101
32,5
36,3
5,87
32,4
36,5
32,-8
13,-100
13,-64
32,-4
36,11
32,-27
9,95
7,41
4,107
36,6
32,-26
13,-74
13,49
32,-15
13,115
36,-1
36,-38
36,-2
5,82
36,-31
5,91
32,19
4,57
36,15
1,41
32,-6
36,-7
13,60
36,-14
32,-17
36,-27
9,86
32,-1
36,-17
32,-77
36,-68
13,-71
32,-28
13,-78
31,-10
23,19
6,30
26,-13
31,-62
26,-98
31,11
23,-24
26,-57
31,-9
26,-64
31,18
23,28
26,28
31,-18
6,-50
26,30
31,-16
26,-23
31,-74
23,-15
31,-6
26,4
6,44
31,14
10,26
31,-8
31,-1
26,-38
31,-17
26,-35
31,73
18,5
31,-69
17,-94
2,-78
23,13
31,-2
26,-40
23,-4
26,-30
31,-27
31,-4
23,21
26,6
31,41
26,-26
23,12
26,32
6,49
31,-23
26,-4
26,14
31,-28
31,-70
23,23
26,-77
31,33
23,24
31,-37
26,-73
31,-12
7,70
31,-21
23,-18
26,8
31,-20
23,3
18,8
23,39
18,23
31,-31
17,-37
31,-42
23,-10
26,-82
23,17
26,-52
31,25
26,39
31,-66
23,-13
26,-56
31,27
17,-17
26,-43
31,-88
26,-71
26,59
31,80
10,52
23,47
26,71
31,-15
26,-101
31,84
18,-15
31,-97
11,-8
26,-67
31,-89
23,11
31,89
23,33
26,19
31,-50
26,15
31,68
26,41
31,-34
17,-104
23,32
31,82
31,17
21,14
32,13
27,-124
14,-53
21,-28
27,-66
14,108
32,45
27,24
14,127
21,-7
32,29
6,78
13,67
27,99
27,37
21,20
32,-44
27,62
14,20
32,59
27,-8
27,-11
21,58
32,52
27,-127
32,37
27,114
21,-6
21,-32
27,25
32,73
21,2
27,-41
13,-8
21,29
32,24
27,107
21,-47
32,39
27,44
21,17
32,17
27,35
14,-94
21,-19
32,51
32,15
27,-73
14,-106
32,-63
21,22
32,-38
32,-2
27,-49
3,-48
21,-104
32,62
21,37
32,20
21,1
32,11
27,6
21,-40
27,101
27,-4
21,55
21,-10
32,30
6,59
27,-20
14,-50
32,32
27,-36
32,118
27,-117
21,-2
27,-105
14,-109
21,-65
13,46
27,80
21,-56
32,38
21,23
32,-30
27,30
14,-72
21,3
32,53
27,-38
21,80
27,4
21,85
32,-3
27,49
21,26
27,-14
21,50
27,93
14,-80
13,53
27,109
27,1
21,-39
6,86
27,-69
27,-24
32,113
32,33
27,-48
32,68
27,-86
14,-88
6,-58
32,22
14,42
32,7
14,-70
32,26
21,-31
3,59
27,92
21,-81
32,49
32,14
32,-5
27,16
14,-91
27,42
32,-43
27,100
27,-29
14,-87
27,-112
32,1
14,67
21,7
27,-111
14,111
21,44
6,81
13,81
27,-51
21,68
32,-57
27,18
27,-114
21,-37
21,-11
21,40
13,79
14,92
32,-40
14,-128
32,63
32,76
27,122
32,-9
32,-39
27,86
21,36
27,108
21,-78
27,-103
21,-57
27,105
14,-21
32,23
32,65
27,-55
21,38
6,89
27,60
21,30
32,117
0,-110
27,23
21,16
27,98
14,85
21,-44
32,-42
27,53
27,115
27,110
21,-48
32,-50
27,-128
32,-24
6,94
27,-113
6,95
21,-79
32,6
13,58
32,8
21,67
32,43
21,-36
32,64
0,124
27,81
27,82
32,-48
13,96
27,-57
32,-35
27,-75
21,-12
6,-105
27,58
32,42
27,-89
32,40
27,-67
14,-64
27,-87
21,-27
27,95
27,34
6,102
0,112
13,-60
27,-45
27,-68
32,-10
21,-98
32,96
36,25
36,-5
32,-65
36,-71
9,-68
32,-116
36,-125
32,72
36,88
36,77
32,-45
36,-52
32,107
36,127
36,69
36,12
36,-62
36,9
32,-73
36,-87
32,-76
36,-89
36,-4
36,2
32,-71
5,85
32,-79
36,-86
32,-104
36,-111
36,47
36,-3
32,-101
12,-49
36,-110
36,54
36,33
36,-59
36,-42
32,-54
36,22
32,31
36,27
36,23
32,-47
36,-57
36,-10
36,41
32,108
32,-100
36,-100
36,-19
32,106
36,117
32,115
36,8
32,-109
36,-128
36,-43
32,103
32,111
32,-107
12,84
36,-113
0,-122
36,-105
36,-41
9,58
36,28
36,107
32,-72
36,-83
32,-80
36,-58
32,-67
36,-60
32,10
36,10
32,-105
36,-126
32,70
36,76
32,-99
32,-114
36,-122
32,75
32,112
36,125
32,71
36,78
32,-103
36,-112
32,50
36,49
36,48
36,58
32,36
36,36
32,74
36,87
32,-87
36,-97
36,-56
32,93
36,105
12,32
32,90
36,104
32,102
36,-84
36,64
32,41
36,21
32,-81
36,-92
32,-51
32,-94
12,72
36,-102
32,78
36,86
0,-98
36,51
32,-102
36,-119
36,73
36,120
36,39
36,-127
36,-47
32,35
36,40
36,26
12,77
32,-113
36,96
32,-108
9,-85
32,-70
36,44
32,110
36,121
32,-59
12,94
32,85
36,95
32,58
36,67
36,111
36,30
32,-56
36,-55
12,82
36,72
32,95
36,-107
36,85
32,-115
36,-45
9,64
9,-77
36,29
36,7
52,0
56,0
52,6
52,-22
56,-36
54,-15
58,-33
52,29
52,31
56,-94
54,21
58,104
52,-113
52,5
56,-120
54,13
58,12
52,-125
52,-23
56,55
58,21
52,-120
52,10
56,65
54,-18
58,27
47,0
59,0
53,6
47,-22
54,-36
52,-15
59,54
56,-33
53,29
47,31
54,-94
52,21
59,-96
56,104
53,-113
47,5
54,-120
52,13
59,-59
56,12
53,-125
47,-23
54,55
59,87
56,21
53,-120
47,10
54,65
52,-18
59,61
56,27
53,-22
53,31
53,5
53,10
51,0
55,0
51,6
55,50
53,-36
59,65
58,54
46,-33
53,-1
51,29
55,-2
53,-94
59,33
58,-96
46,104
53,-33
51,-113
55,-16
36,13
59,-2
58,-59
46,12
51,-125
55,1
53,55
59,-27
58,87
46,21
51,-120
55,13
53,65
59,8
58,61
46,27
57,0
48,-22
57,-33
48,31
57,104
48,5
57,12
48,-23
57,21
48,10
57,27
52,-7
54,50
45,-36
38,-15
58,65
57,54
52,-1
54,-2
45,-94
38,21
58,33
57,-96
52,-33
54,-16
45,-120
38,13
58,-2
57,-59
53,15
54,1
45,55
57,87
52,-36
38,-18
58,8
57,61
47,6
47,-36
47,29
47,-94
47,-113
47,-120
47,-125
47,55
47,65
49,0
39,0
50,0
49,-7
28,6
39,-36
55,-15
50,54
52,19
49,-1
28,29
39,-94
55,21
50,-96
52,8
49,-33
28,-113
39,-120
50,-59
52,15
49,31
28,-125
39,55
50,87
49,-36
28,-120
39,65
55,-18
50,61
43,0
-3,6
36,-22
43,-15
-3,29
8,-94
43,21
48,104
-3,-113
8,-120
43,13
48,12
-3,-125
48,21
8,65
43,-18
48,27
60,0
51,-33
42,-7
48,6
44,-22
51,65
60,-33
51,19
42,-1
48,29
44,31
52,-94
51,33
60,104
51,8
42,-33
48,-113
44,5
51,-2
60,12
51,15
42,31
48,-125
44,-23
52,55
51,-27
60,21
51,-1
42,-36
48,-120
44,10
52,65
60,27
30,6
43,-36
30,29
43,-94
30,-113
43,-120
30,-125
43,55
30,-120
43,65
45,-33
50,-15
31,-33
45,19
50,21
54,33
31,104
45,8
50,13
31,12
45,15
54,-27
31,21
45,-1
50,-18
-7,6
-7,29
-7,-113
-7,-125
45,-7
49,50
16,29
49,-2
53,33
28,104
16,-113
49,-16
53,-2
28,12
45,31
16,-125
49,1
16,-120
49,13
-32,6
-32,29
-34,-94
-32,-113
-34,-120
41,13
-32,-125
-34,55
-32,-120
-34,65
41,-18
-24,50
45,-15
-11,65
49,54
41,19
30,31
-24,-2
28,-94
45,21
-11,33
49,-96
-24,-16
45,13
-11,-2
49,-59
41,15
30,-23
-24,1
28,55
-11,-27
49,87
41,-1
-24,13
28,65
45,-18
-11,8
49,61
-57,0
-57,-36
-57,-94
18,21
45,104
-57,-120
45,12
-57,55
-57,65
45,27
-15,-22
51,50
49,65
26,29
49,33
27,104
26,-113
-15,5
51,-16
26,-125
-15,-23
51,1
49,-27
-15,10
51,13
49,8
-51,0
-52,0
-51,-22
-52,-15
-43,-33
-51,31
-52,21
-43,104
-51,5
6,-120
-52,13
-43,12
-51,-23
-43,21
-51,10
-52,-18
-43,27
56,50
60,65
35,19
40,-1
56,-2
60,33
19,-96
35,8
40,-33
56,-16
60,-2
35,15
40,31
56,1
60,-27
19,87
35,-1
40,-36
56,13
60,8
19,61
-58,0
-47,0
-50,0
-58,6
-47,-22
-47,-36
-50,-15
-42,-33
-58,29
-47,31
-47,-94
-50,21
-42,104
-58,-113
-47,5
-47,-120
-50,13
-42,12
-58,-125
-47,-23
-47,55
-42,21
-58,-120
-47,10
-47,65
-50,-18
-42,27
-53,0
47,-33
-12,-7
-53,-22
1,50
-17,-36
-45,-15
35,65
-25,-33
47,19
-12,-1
-53,31
-17,-94
-45,21
35,33
6,-96
-25,104
47,8
-12,-33
-53,5
-17,-120
-45,13
-25,12
47,15
-12,31
-53,-23
-17,55
35,-27
6,87
47,-1
-53,10
-17,65
-45,-18
6,61
-25,27
-59,0
-47,6
-59,-22
-40,-36
-58,-15
-51,-33
-47,29
-59,31
-40,-94
-58,21
-51,104
-47,-113
-59,5
-58,13
-51,12
-47,-125
-59,-23
-40,55
-51,21
-59,10
-40,65
-58,-18
-51,27
-26,-7
29,-22
-22,50
-45,-36
-25,54
-1,19
-26,-1
29,31
-22,-2
-45,-94
-25,-96
-1,8
-26,-33
29,5
-22,-16
-25,-59
-1,15
29,-23
-22,1
-45,55
-25,87
-1,-1
-45,65
-25,61
-54,0
-54,6
-59,-15
-54,29
-59,21
-34,104
-54,-113
-59,13
-34,12
-54,-125
-34,21
-54,-120
-59,-18
-34,27
-55,0
-31,-33
-55,-7
-19,-22
-35,50
-47,-15
-31,19
-55,-1
-19,31
2,-94
-47,21
16,-96
-31,8
-55,-33
-19,5
-35,-16
2,-120
-47,13
16,-59
-31,15
-55,31
-19,-23
-35,1
16,87
-31,-1
-55,-36
-19,10
-35,13
2,65
-47,-18
16,61
-48,0
-54,-22
-48,-15
-54,31
-48,21
-37,104
-54,5
-48,13
-37,12
-54,-23
-37,21
-54,10
-48,-18
-37,27
38,-7
-6,-22
-24,65
-33,19
38,-1
-6,31
-24,33
-35,104
-33,8
38,-33
21,-113
-6,5
-35,12
-33,15
38,31
21,-125
-6,-23
-24,-27
-35,21
-33,-1
38,-36
21,-120
-6,10
-24,8
-35,27
-39,6
-33,-22
-27,-15
-32,-33
-39,29
-33,31
-27,21
-32,104
-39,-113
-33,5
-27,13
-32,12
-39,-125
-33,-23
-39,-120
-33,10
-27,-18
-32,27
-46,0
-27,-33
-47,50
-46,-36
-3,-15
-54,65
-43,54
-27,19
-47,-2
-46,-94
-3,21
-54,33
-43,-96
-47,-16
-46,-120
-54,-2
-43,-59
-27,15
-47,1
-46,55
-54,-27
-43,87
-27,-1
-46,65
-3,-18
-54,8
-43,61
-30,0
-30,6
-11,-36
-30,29
-11,-94
-30,-113
-11,-120
-30,-125
-11,55
-30,-120
-47,-33
-53,50
-10,-36
-19,54
-47,19
-53,-2
-10,-94
-19,-96
-47,8
-53,-16
-10,-120
-19,-59
-47,15
1,-125
-53,1
-10,55
-19,87
-47,-1
-53,13
-10,65
-19,61
21,63
21,56
31,-3
21,39
31,28
31,9
29,11
29,33
14,39
29,28
29,17
29,9
5,62
24,63
24,56
24,39
10,62
38,63
38,56
38,8
38,39
26,-29
38,2
26,62
38,-4
5,122
10,74
27,-9
27,111
21,-49
5,111
8,4
3,122
9,111
8,78
7,-63
25,-51
25,12
25,6
25,4
25,33
25,78
19,122
26,-63
26,-44
28,-51
19,-22
8,74
27,32
8,-58
28,33
19,-20
26,-11
26,37
28,78
7,111
26,-58
26,7
23,-65
10,38
10,-84
10,-53
7,95
7,67
7,57
7,37
17,16
17,57
14,-84
1,95
14,45
16,16
27,40
27,127
9,96
27,-3
9,97
27,57
14,32
3,-84
1,127
14,96
4,95
14,-77
14,97
21,48
21,-94
1,-127
31,74
31,83
1,80
21,105
31,22
31,20
21,127
31,126
21,73
31,-65
31,-22
31,-128
31,-49
31,-32
21,-5
31,-121
29,65
29,-27
29,74
14,40
29,83
14,105
29,25
29,20
29,-2
29,126
14,73
29,-65
29,-17
29,-128
29,-49
29,-32
29,-20
29,-121
5,-127
10,-127
24,-19
24,40
10,80
24,105
24,73
24,-23
10,76
24,-5
38,48
38,-94
26,-127
38,-19
26,9
38,40
26,80
38,105
26,20
26,-8
38,127
38,73
26,47
38,-31
38,-23
26,50
26,76
38,-5
11,74
11,83
11,126
11,-49
11,-121
17,48
17,73
15,91
15,-63
13,-93
11,-93
7,103
10,103
12,-93
13,103
7,-52
7,-93
3,103
28,35
28,-45
28,-101
28,8
3,82
28,71
6,-81
28,38
23,-41
19,-16
23,35
23,-8
23,-45
8,63
23,51
23,-101
8,-91
23,8
8,79
19,19
23,71
2,53
23,-43
8,34
23,38
8,-32
20,-41
25,35
20,-8
25,-45
20,51
25,-101
22,-80
20,-16
25,8
14,79
20,11
14,60
8,53
22,-41
20,-43
25,-13
4,-84
20,-24
25,17
22,55
20,9
25,38
7,-56
20,35
20,-101
6,-80
20,71
4,108
20,17
10,-101
10,71
22,-43
14,57
30,-32
22,-35
30,28
22,15
30,-36
30,24
22,82
3,108
30,53
1,-81
22,22
22,108
22,16
3,-82
3,76
2,76
11,-82
11,76
6,-128
13,-82
6,-67
1,-80
17,-54
11,-56
3,-90
6,84
6,47
15,-22
15,-30
8,15
15,-56
15,22
1,-90
28,-19
28,2
28,20
28,-44
28,15
28,-30
39,-16
21,12
39,-19
18,-50
39,2
39,20
39,-44
39,15
18,-44
39,-30
34,-16
34,-13
34,-15
34,-22
34,-43
31,-30
34,0
34,-78
31,-47
34,-21
31,-14
44,56
44,16
44,25
44,-7
44,9
5,-95
44,18
5,-70
44,-37
35,56
35,16
35,-7
35,9
35,18
35,-37
2,59
24,14
26,-48
26,-21
24,-41
24,-51
26,-42
25,30
25,21
25,-2
25,87
13,-95
25,11
13,-70
25,39
25,-15
15,31
15,-78
6,-95
10,72
13,-58
10,93
10,-64
10,97
10,46
11,55
11,-58
11,-71
13,93
13,97
3,72
3,93
3,-64
3,97
19,-4
15,-86
15,-61
19,65
13,-86
17,65
13,80
3,98
2,-56
6,-100
15,-47
15,-10
15,95
6,-77
18,-86
18,-61
1,109
4,-65
1,97
18,80
1,-75
18,-28
18,-30
18,-100
3,-79
18,-29
3,109
2,-55
18,-56
2,-89
18,-77
11,62
11,-41
13,95
3,-89
9,109
9,72
8,77
1,-87
8,99
12,-50
18,-37
15,10
14,43
16,77
12,-78
15,43
16,99
17,42
1,-73
6,-99
7,102
6,97
17,-68
6,85
7,-55
7,92
7,-62
17,-98
7,114
7,-90
6,-85
7,75
7,-87
7,52
17,-75
17,69
17,49
17,93
7,-61
7,-110
7,94
7,-97
20,89
19,-73
20,-84
19,52
19,-52
19,102
20,-30
19,36
19,-41
20,100
19,72
20,-58
19,62
8,-68
19,127
20,23
19,-55
19,92
20,66
16,-70
19,-62
19,-23
20,-65
8,-98
19,38
19,114
20,34
16,75
19,68
20,60
16,-60
20,37
16,89
19,-56
20,-63
19,56
19,-90
20,-44
19,-72
19,-30
16,-57
19,75
20,-59
16,63
20,81
16,41
19,76
20,114
8,76
19,-87
20,-60
20,-20
16,-64
19,21
19,-7
19,-47
20,-5
19,-18
20,-89
16,67
8,-39
20,-96
20,-128
20,-7
20,20
19,-12
20,77
8,49
19,-128
20,-31
8,93
19,-27
19,5
20,-49
19,-110
19,86
19,-29
16,-32
20,36
19,-39
19,94
16,-49
20,-11
20,-50
19,41
19,-97
20,28
20,-46
16,-67
8,119
15,-55
15,-66
15,-26
15,89
15,-79
8,84
15,58
15,-77
19,31
15,-124
15,67
15,127
19,-50
15,-43
19,101
8,100
19,-53
15,-62
15,88
8,-66
8,-67
19,80
15,-74
19,67
8,-71
15,75
19,71
15,105
15,70
15,92
19,-57
15,-116
9,74
15,-93
18,52
1,119
18,-55
18,-66
18,-31
18,89
1,91
12,70
18,-127
18,-79
18,58
18,-124
18,67
18,127
1,-57
12,-101
18,63
10,64
1,100
18,-62
1,-88
18,88
18,-74
4,101
18,50
12,-114
3,-62
18,75
18,19
18,36
18,40
12,-92
18,105
18,70
1,-74
18,92
18,-116
18,-93
11,98
3,75
11,36
2,-93
11,70
4,70
5,-45
5,-66
12,-69
25,26
17,87
25,-12
25,-64
25,43
12,120
17,-48
12,-95
25,-90
25,-19
18,35
25,-21
18,-23
25,-41
17,-108
17,68
11,41
19,-45
2,70
7,86
11,116
11,-77
11,59
11,-69
11,-80
11,-73
11,-88
11,-38
11,-43
23,116
30,54
22,125
23,63
30,69
22,-78
23,66
22,-22
23,-42
30,-35
22,-47
23,-28
30,13
30,-18
30,7
22,-57
30,-31
22,-37
23,-77
30,-6
22,19
22,-50
30,-68
30,17
22,-20
22,-26
30,-4
30,47
30,41
30,-79
23,-69
30,-62
22,93
23,-40
23,-75
23,-80
30,43
23,-1
22,99
23,-56
30,-53
23,-73
30,-47
30,117
23,50
22,41
23,-88
30,-77
30,9
22,2
30,-42
22,-39
30,-50
23,-38
30,-12
23,-7
30,79
22,26
22,-58
30,33
23,36
22,-40
30,-11
22,25
23,41
23,-71
22,-66
30,-58
30,-27
30,-46
22,87
30,-60
22,-19
22,-46
23,-31
30,-48
22,83
30,44
22,-48
30,35
22,-52
1,114
1,83
2,126
2,66
3,-73
8,-62
7,126
20,-35
9,127
1,117
20,27
20,-54
9,117
25,-52
21,53
37,-42
21,-66
25,-11
24,-30
37,-14
25,-9
37,-45
24,32
37,-28
25,-31
19,51
37,53
25,-67
24,93
21,-42
37,19
37,3
25,-50
24,35
37,13
25,-96
19,50
24,-11
6,88
37,7
1,74
1,82
1,123
1,-92
1,102
17,95
17,-76
19,-68
17,82
17,-83
17,109
19,44
17,-92
19,-43
19,-78
17,102
5,-82
7,81
1,101
16,-36
4,78
1,106
3,-70
15,18
9,-86
7,-50
24,26
30,22
21,-86
4,79
4,113
43,-27
13,-73
30,-37
11,68
16,-83
43,-33
21,35
43,7
43,19
13,89
43,10
43,16
21,-51
43,-25
43,46
43,9
30,-14
43,-10
7,-60
8,44
8,67
8,-48
8,36
8,-57
8,-54
7,-88
7,-73
8,-73
8,-49
8,52
8,104
2,83
15,32
3,66
3,49
7,-95
2,-58
10,-76
2,81
2,117
29,-9
3,-88
29,-13
8,-45
29,18
29,-4
29,-14
12,121
29,-15
29,16
29,-7
18,44
29,-40
18,45
29,-25
8,-72
18,49
18,41
29,-18
29,-26
29,-36
18,113
29,-16
12,65
29,14
8,-106
11,-105
17,-103
17,-78
17,32
11,-57
11,-52
3,-74
17,-40
11,80
3,85
17,84
11,60
11,-79
11,-83
3,60
17,-88
11,-29
11,-55
3,-128
3,-83
11,-100
11,-74
11,-60
3,-61
3,-72
17,-110
3,-96
17,-121
17,-109
11,-102
17,-105
3,96
17,-73
2,-107
15,110
7,-83
2,122
2,-127
2,88
15,-49
3,69
15,16
7,106
15,-4
15,-64
3,79
2,-88
7,44
15,23
15,-100
15,-69
2,-105
2,-85
2,97
7,-70
7,-81
15,-81
15,60
7,85
15,-92
5,-64
3,-124
16,85
16,-114
3,62
3,-71
5,-113
16,73
3,-127
5,-100
6,-61
5,-104
23,16
31,-51
23,-14
31,-35
31,-58
31,-25
23,-53
31,-43
31,-52
23,-60
23,48
31,-67
23,34
31,-54
9,87
25,127
11,57
25,-128
25,-117
11,-68
25,-8
34,18
34,-31
25,-10
34,19
25,-6
34,17
26,-75
25,-4
34,-121
26,53
8,-82
34,-18
25,-5
34,21
25,-38
25,15
34,-34
8,-56
21,42
34,-12
8,-60
34,12
26,-81
34,22
34,20
26,-70
25,-36
34,-44
26,-99
34,-72
26,58
25,-26
34,-33
26,-19
26,-68
25,-29
25,-46
34,-62
34,16
16,64
23,67
23,61
23,62
23,68
23,64
26,94
33,110
23,80
26,85
33,115
23,83
26,-95
33,-116
23,-82
11,-44
26,106
33,116
23,84
23,82
26,102
11,46
33,9
26,-84
26,103
33,114
23,81
23,-85
26,109
33,113
22,-96
5,74
5,-90
14,-100
22,24
22,-55
22,-63
14,-83
14,-73
22,-53
22,-68
22,-42
22,-59
22,-54
5,-83
15,56
30,-13
30,-55
30,-57
7,-47
30,-89
30,-74
22,10
22,40
30,-24
30,37
30,-54
19,-63
30,-56
30,-52
24,24
32,-46
20,-119
32,-74
20,3
24,-34
24,49
20,-75
20,-1
24,-54
7,120
20,41
24,-26
24,-40
20,119
20,43
20,103
12,90
10,60
24,-6
4,71
20,80
12,81
32,-58
20,-6
20,-18
32,-127
20,-67
20,-15
20,-19
20,-9
24,-25
20,61
24,29
4,-89
24,-35
32,47
24,-50
7,123
10,58
20,42
20,91
32,-128
7,101
32,-68
20,73
12,87
32,54
20,-74
7,-100
20,-42
4,-91
20,30
24,30
32,55
1,107
20,68
24,23
20,21
32,-53
7,-74
24,52
32,79
32,-61
20,82
7,115
20,-70
20,64
24,-53
20,83
4,87
24,-70
7,113
24,-74
20,86
20,-12
24,68
32,127
32,57
20,22
20,48
32,-83
24,-48
24,-55
20,98
24,-45
32,-93
4,86
20,-48
4,109
11,-98
11,-64
16,58
13,85
18,-38
18,39
16,-37
0,-97
11,-96
45,-11
33,-10
45,34
13,-124
45,-53
33,-9
45,-56
13,-66
45,108
33,70
5,-76
45,127
33,78
13,99
33,-20
45,64
45,-25
33,-13
33,10
45,35
45,-30
33,-23
45,54
45,-39
33,-28
33,-21
45,-13
5,-96
13,-127
45,-5
33,8
45,-71
45,-34
45,-46
33,-19
45,80
33,73
33,12
45,-42
45,-59
33,-46
45,-8
45,-43
33,-27
45,2
33,11
45,-4
45,-6
45,-28
33,-12
45,-19
13,107
45,50
33,26
45,92
5,-103
45,16
33,-70
45,-45
45,-24
33,-18
45,-106
33,-75
45,14
45,-23
3,-104
33,-30
45,-16
45,-35
45,-10
45,5
33,7
45,6
33,2
33,-22
45,-40
45,57
33,59
45,-50
33,-37
5,-128
13,-117
33,28
16,55
13,-105
45,-109
33,-93
45,-83
45,30
33,22
45,102
45,18
33,-24
45,4
45,-72
33,-53
45,-21
45,99
3,80
45,29
45,1
33,20
45,61
45,-51
45,-80
45,-9
13,109
33,-38
33,86
45,59
45,-61
33,-39
45,-14
45,-26
45,-67
33,-71
45,-125
5,-67
45,-75
33,-55
5,53
45,-57
45,-88
33,-58
45,-48
5,123
45,-41
45,42
33,32
45,-70
45,10
3,-81
33,-4
16,-77
45,70
5,-120
33,-3
33,5
45,-31
33,-31
45,-91
33,-66
45,-54
5,98
5,101
16,44
13,100
33,-25
45,-87
13,-112
33,-2
45,67
33,52
33,-16
13,-111
45,111
33,81
45,52
10,49
33,-57
45,-37
45,-12
33,-17
45,38
33,91
45,68
13,-114
33,-34
45,53
33,-14
33,13
33,-35
33,63
45,36
33,-76
33,-45
45,-85
5,-74
13,122
45,-44
5,109
13,86
45,-60
45,-68
45,37
13,108
45,-58
3,-78
33,-50
45,7
13,-103
45,3
45,44
33,-43
16,56
45,26
33,89
45,60
45,-38
5,106
33,1
33,-15
45,-47
5,-110
33,4
45,-66
33,18
13,98
45,85
33,56
45,47
33,-8
13,110
45,-63
45,-55
33,-26
33,34
33,94
45,96
13,-113
33,95
16,78
45,81
45,-62
45,-29
33,17
5,-107
33,-32
5,-102
33,33
45,124
33,-11
13,82
5,102
33,-105
13,-89
45,-64
33,-41
45,-113
33,-63
45,-74
33,-5
5,114
33,39
45,39
33,102
45,112
45,43
33,-29
13,-68
33,36
45,66
33,27
3,-98
20,69
24,72
24,118
20,-53
32,69
20,58
24,88
32,116
20,-32
24,45
32,86
24,-37
20,-52
24,-83
20,-62
24,-56
32,-85
20,-33
24,-76
20,95
24,-84
24,-59
32,-125
24,-61
24,-38
20,-40
20,-36
10,-49
20,67
32,-95
20,2
24,70
24,61
24,-72
24,-57
32,-106
24,82
24,119
7,58
20,-56
32,-121
32,-49
24,60
32,97
20,-123
24,-99
32,-78
20,85
32,-84
24,-66
24,-62
24,-89
24,-73
32,-123
24,87
24,97
32,120
24,-87
24,-58
32,-120
20,-38
20,84
20,-69
24,-85
24,-67
32,-122
10,-44
32,-82
24,-86
20,116
20,-94
24,-90
32,-112
20,-26
20,-79
4,115
24,-75
24,-79
24,94
20,-66
20,-86
24,71
32,101
10,85
24,-63
20,-29
24,81
24,111
24,86
24,99
32,-92
32,66
20,44
24,62
24,98
32,91
7,68
24,51
32,82
20,-100
32,-88
10,-46
24,44
32,77
7,36
24,-88
20,39
24,90
24,-98
32,-86
20,59
32,98
24,84
24,79
24,89
32,-60
10,77
24,34
24,75
24,54
20,-98
32,-117
20,49
32,100
10,94
24,-43
32,-69
24,46
32,34
32,-75
20,79
10,82
24,-42
32,-98
20,19
10,68
32,60
32,109
20,65
32,121
20,90
24,104
24,-71
32,-111
24,57
32,48
39,-9
39,84
33,43
37,-36
22,29
37,-94
49,104
22,-113
37,-120
49,12
22,-125
37,55
49,21
22,-120
49,27
64,0
49,6
49,-22
64,54
49,29
49,-94
64,-96
49,-113
49,5
49,-120
64,-59
49,-125
49,-23
49,55
64,87
49,10
64,61
25,29
25,-113
29,13
25,-125
25,-120
63,0
51,-36
56,-15
63,65
44,-33
51,-94
63,33
44,104
63,-2
44,12
51,55
63,-27
44,21
56,-18
63,8
44,27
31,6
41,-36
31,29
41,-94
42,104
31,-113
41,-120
25,13
42,12
31,-125
41,55
31,-120
25,-18
42,27
50,-33
55,-7
38,6
-20,-22
50,50
-5,-15
44,54
50,19
55,-1
38,29
-20,31
50,-2
42,-94
44,-96
20,104
50,8
55,-33
38,-113
-20,5
50,-16
42,-120
-5,13
44,-59
50,15
55,31
38,-125
-20,-23
50,1
42,55
44,87
50,-1
55,-36
38,-120
-20,10
42,65
-5,-18
44,61
34,6
-10,-22
-4,-15
34,29
-10,31
40,-94
-4,21
34,-113
-10,5
40,-120
34,-125
-10,-23
40,55
34,-120
-10,10
40,65
-4,-18
-13,-22
37,50
-1,-15
43,54
-13,31
27,-94
43,-96
12,104
6,-113
-13,5
37,-16
27,-120
-1,13
43,-59
6,-125
-13,-23
37,1
27,55
43,87
-13,10
27,65
-1,-18
43,61
-5,6
-14,-15
-5,29
-14,21
-5,-113
-14,13
-5,-125
-14,-18
25,54
49,19
44,33
44,-2
25,-59
49,15
44,-27
44,8
25,61
-29,6
-24,-36
-8,-15
-29,29
-24,-94
-8,21
10,104
-29,-113
-29,-125
-24,55
-29,-120
-8,-18
-8,-22
15,65
46,19
-8,31
18,-96
46,8
-8,5
46,15
-8,-23
18,87
46,-1
-8,10
18,61
-17,6
-13,-36
-17,29
-13,-94
-17,-113
-17,-125
-13,55
-13,-7
25,65
-13,-1
-13,-33
25,-27
23,65
41,54
-5,19
41,-96
22,104
-5,8
15,-113
23,-2
41,-59
-5,15
15,-125
15,-120
41,61
-7,-22
-13,-15
-7,31
-13,21
-7,5
-13,13
-7,-23
-7,10
-13,-18
30,50
23,54
25,-33
-9,19
10,-94
23,-96
25,104
-9,8
10,-120
23,-59
-9,15
23,87
-9,-1
25,27
-1,-7
35,54
-14,-33
35,-96
-14,104
35,-59
-14,12
35,87
35,61
-14,27
-9,6
-9,29
-9,-113
-9,-125
-9,-120
-22,-22
25,50
-23,-36
-10,54
-3,-33
-22,31
-23,-94
-10,-96
-3,104
-22,5
25,-16
-23,-120
-10,-59
-3,12
-22,-23
25,1
-23,55
-10,87
-22,10
-23,65
-10,61
-3,27
-18,-94
-18,-120
-18,55
-18,65
-31,-7
-22,6
-7,-33
-22,29
27,33
8,-96
-7,104
-22,-113
-7,12
-22,-125
-22,-120
8,61
-7,27
-18,6
-40,-15
-18,29
-40,21
-27,104
-18,-113
-40,13
-27,12
-18,-125
-40,-18
-27,27
-27,6
-27,29
-27,-113
-27,-125
26,-27
-27,-120
-46,6
-43,-15
-46,29
-38,-94
-46,-113
-38,-120
-43,13
-46,-125
-38,55
-38,65
-43,-18
-32,-36
-23,54
-23,-33
-32,-94
-23,-96
-23,104
-23,-59
-23,12
-32,55
-23,87
-23,21
-32,65
-23,61
-23,27
-38,-15
-38,21
-31,104
-38,13
-31,12
-31,21
-38,-18
-31,27
-44,0
-30,-33
-41,-7
-38,6
-44,-22
-31,50
-29,-15
-22,65
-30,19
-41,-1
-38,29
-44,31
-31,-2
-37,-94
-29,21
-22,33
-30,8
-41,-33
-38,-113
-44,5
-31,-16
-29,13
-30,15
-38,-125
-44,-23
-31,1
-37,55
-22,-27
-30,-1
-41,-36
-44,10
-31,13
-37,65
-29,-18
-22,8
-56,0
-40,-7
-51,6
-30,50
-56,-36
-45,54
-41,19
-40,-1
-51,29
-30,-2
-56,-94
-45,-96
-41,8
-40,-33
-51,-113
-30,-16
-56,-120
-45,-59
-41,15
-51,-125
-30,1
-56,55
-45,87
-51,-120
-30,13
-56,65
-45,61
47,11
47,33
47,-3
47,28
47,17
47,9
11,54
26,17
32,28
35,-3
35,28
35,17
37,11
37,-3
37,28
37,17
37,9
8,39
14,28
18,62
7,122
18,59
18,111
15,122
9,78
8,111
8,122
16,-63
6,74
15,111
3,78
4,111
2,78
14,122
17,111
7,78
20,45
21,-53
5,96
47,-27
47,74
47,83
10,105
47,25
47,22
47,20
47,-2
47,126
47,-65
47,-17
47,-128
47,-49
47,-32
47,-20
47,-121
8,-127
8,80
4,105
8,50
11,-127
26,83
26,22
26,126
26,-65
26,-22
26,-128
26,-49
26,-32
26,-20
26,-121
32,83
32,126
35,74
35,83
35,20
35,126
35,-65
35,-128
35,-49
35,-32
35,-121
37,74
37,83
37,22
37,20
37,126
37,-65
37,-22
37,-17
37,-128
37,-49
37,-32
37,-20
37,-121
8,105
15,-94
14,83
14,126
15,73
18,76
14,-121
9,103
14,-93
11,103
5,103
7,66
15,-80
15,-41
31,-41
31,51
1,-101
31,-24
7,-101
17,-91
11,82
7,71
21,-101
20,-80
21,71
9,108
24,-101
18,-45
18,-101
18,71
2,108
30,-41
30,-8
4,-101
16,-80
30,-43
23,-32
23,-36
15,82
23,53
15,-84
2,-111
10,-80
11,-90
6,-90
14,-95
50,-19
50,2
50,20
50,-44
50,-30
28,45
28,-17
28,-35
27,-25
28,-95
28,-70
28,59
25,-48
25,-40
3,87
25,47
25,-34
12,-70
25,-42
23,14
23,-51
1,-78
26,-16
11,72
11,93
11,97
11,-51
17,72
17,97
10,-100
20,-61
10,-77
1,98
10,-61
4,-100
1,77
11,-87
1,99
10,43
2,74
8,-64
18,16
17,99
15,-59
7,-99
15,102
15,72
4,-87
15,114
15,-90
15,-87
15,-128
15,-110
15,-97
4,96
15,-73
10,-68
10,-98
8,75
15,68
8,89
15,-72
15,46
10,69
15,86
15,41
15,-65
10,-66
20,-127
20,-77
6,-109
20,-124
6,93
10,-91
10,86
15,66
15,101
15,-53
20,88
20,50
15,-71
10,-114
20,75
20,105
20,70
20,92
15,-57
20,-116
20,-93
6,68
12,89
12,-124
12,67
8,66
8,101
12,-62
8,-80
12,75
12,92
12,-116
2,69
4,-93
19,-64
13,-106
5,-89
21,-108
18,-106
21,-61
18,-60
21,74
26,116
26,43
26,66
26,45
3,-109
3,-107
26,-80
3,-95
11,101
3,106
26,-88
26,36
11,-62
26,-10
3,-106
26,-31
37,116
4,125
37,63
19,69
37,43
37,66
37,-8
37,45
37,18
37,-77
37,59
19,39
37,-18
37,23
37,2
37,-9
37,-35
37,15
37,-19
37,-69
4,93
37,-40
37,-75
19,57
37,-80
37,-1
37,-56
37,-73
37,6
19,117
37,-88
19,-77
37,12
37,-38
37,-7
19,79
37,-11
37,36
37,41
37,-71
19,-58
37,-10
37,-43
37,-33
19,-60
37,-31
4,83
37,47
18,86
7,74
2,-91
6,126
20,47
15,64
6,117
7,88
35,-8
8,-55
23,-29
35,-28
23,-66
35,-24
35,-11
35,-25
1,108
35,-71
10,90
10,-79
10,-72
9,-83
9,-92
5,-72
9,102
19,-86
19,-84
7,-86
23,79
9,113
7,-84
8,-88
8,-87
8,81
8,-128
2,95
5,-117
5,-121
2,73
2,99
15,61
8,92
41,28
41,-35
41,-45
41,-14
41,-43
41,-25
3,70
41,-67
5,89
41,-6
2,89
41,-21
41,36
41,9
41,-3
41,-65
41,-10
41,7
41,18
41,20
41,-69
41,-106
20,-105
10,-103
10,-78
8,96
8,115
20,62
20,-83
1,93
8,97
10,-88
8,102
8,-107
10,-110
8,68
10,-82
8,94
10,-121
20,-82
10,-109
20,-102
10,-105
1,96
10,-73
8,110
15,-83
15,-60
15,106
15,-96
15,44
15,-85
8,-100
15,85
8,-92
18,-94
21,-114
6,67
21,-21
18,-71
21,-99
18,93
18,79
49,14
49,-89
49,-51
29,15
49,-35
29,-19
49,-58
49,-25
49,-43
29,-12
49,-42
49,-52
29,3
49,-66
29,38
22,-60
49,-37
29,48
49,-67
29,34
49,-54
29,7
49,-34
29,-11
10,87
24,-117
54,18
54,-31
54,19
33,-73
54,17
54,-121
33,53
33,23
54,-34
54,-12
54,12
33,-81
54,22
54,20
54,-44
33,-99
54,-72
33,58
54,-33
33,-68
33,30
54,-62
54,16
33,-67
14,64
16,66
16,68
21,94
28,110
28,115
28,-116
21,106
28,116
21,102
21,103
28,114
21,-73
20,-85
21,109
28,113
20,-68
36,-96
36,-50
36,24
36,-63
20,-73
36,-53
20,-72
36,-37
36,-46
36,-54
49,-13
49,-55
49,-57
49,-3
49,-69
49,30
49,-74
49,-50
49,-24
49,4
27,-19
49,25
7,82
49,-4
49,-14
49,37
49,18
49,-32
49,-56
27,20
49,2
49,-60
27,17
49,-12
29,78
9,105
52,-46
29,-119
52,-74
29,-31
52,-56
9,55
52,27
29,-75
52,-114
29,36
9,120
52,12
29,41
52,-41
29,27
52,14
29,119
16,93
29,43
52,16
29,103
16,90
29,127
52,35
29,80
52,-65
52,-58
29,-6
52,37
29,37
52,-24
16,46
52,-127
29,-67
52,-42
29,61
52,45
29,-58
29,56
52,47
52,-57
29,32
9,123
16,70
52,-3
7,65
29,42
52,4
29,91
52,-128
29,8
52,-68
29,73
52,54
29,-74
3,-91
52,-6
29,30
7,107
52,41
52,59
52,-62
52,-53
52,79
29,-28
52,-72
52,-61
29,82
9,115
29,-70
16,-58
52,36
52,-35
16,82
52,-31
29,86
52,-9
16,91
52,127
29,12
52,-37
29,26
52,57
52,-21
52,-83
29,98
52,-93
29,-43
29,-8
52,50
29,53
52,43
2,80
2,-97
10,-96
2,82
34,34
9,-124
35,-53
34,-56
35,108
34,8
8,-76
35,127
24,78
9,99
34,64
34,13
34,35
35,-30
34,54
35,-39
34,27
35,-15
34,-71
35,-46
34,-17
35,80
34,104
34,-42
34,-8
35,-43
34,-7
34,2
34,55
34,-6
34,-19
9,107
34,92
8,-103
35,-42
35,-94
34,-45
34,-28
35,-106
34,-65
34,14
34,-1
12,-104
34,50
34,-10
35,6
34,-40
34,57
35,-50
34,-59
9,-117
35,-109
12,-65
24,-93
34,-83
34,102
35,-36
34,4
35,-72
34,99
34,1
34,61
34,-3
8,88
9,93
34,-51
35,-80
34,-9
34,25
34,59
35,-61
34,-14
35,-26
34,-49
35,-67
35,-75
34,-80
35,-57
35,-88
34,-48
34,31
8,123
35,-41
8,90
35,42
35,-70
35,10
9,92
34,70
34,10
35,-31
34,42
35,-91
34,-54
8,98
34,-39
34,-61
35,-87
9,-112
35,67
34,127
35,111
34,52
34,-37
35,-12
34,38
24,91
34,68
9,-114
34,-36
34,53
35,-45
34,-27
35,92
34,36
34,-85
9,122
35,-44
34,30
34,-20
34,-11
8,116
34,-60
35,-68
34,-75
34,37
35,-6
35,-58
34,7
35,-21
34,3
34,44
34,26
34,60
35,-38
8,106
34,28
34,-47
8,-110
34,-66
34,-2
34,11
35,85
34,47
8,108
9,110
35,-63
34,-55
34,-26
34,96
9,-113
24,95
34,81
35,-62
34,-24
35,-29
35,36
8,-77
8,-102
34,124
24,-105
34,-67
34,-35
35,-64
35,-113
34,-74
9,-87
8,114
35,53
34,39
24,102
34,112
34,43
34,66
34,-4
35,-47
52,1
52,-79
52,-2
20,118
52,-34
29,-53
52,69
29,54
52,-30
52,116
29,57
52,-71
52,86
52,-25
52,-99
29,69
52,-115
29,-48
52,-20
29,-62
52,-85
52,-107
52,-44
29,95
29,-34
52,-11
52,-8
52,-17
52,-26
52,74
52,-87
52,-12
52,2
52,-103
52,-95
29,-44
29,-30
52,85
29,51
52,-106
29,40
29,-45
52,-10
29,2
52,-121
29,-50
52,-49
29,1
52,97
29,-123
52,-70
29,66
52,-4
20,-99
52,-78
29,85
52,-84
52,22
52,17
52,-80
29,-42
52,-63
52,33
52,52
29,24
52,-123
29,89
52,-108
29,52
52,120
52,-104
29,-38
29,84
29,71
5,84
52,72
29,-69
52,-122
29,-89
29,-57
52,-82
29,58
52,-5
52,9
29,116
52,-51
29,-94
52,-112
52,11
52,-16
29,35
52,-32
29,-79
20,94
52,117
29,-86
52,-77
52,101
29,-5
52,78
52,38
29,-24
52,-59
20,99
52,-92
52,66
52,91
52,-13
52,-47
52,112
52,-50
52,82
29,-100
52,71
52,-19
52,26
52,-88
52,53
29,-10
29,44
52,77
52,-116
29,39
52,-86
52,98
52,-43
29,55
52,30
52,-60
52,96
29,-98
52,-117
16,71
3,-85
29,49
29,-1
29,-52
52,100
52,111
52,-69
52,34
29,-21
52,-75
29,79
52,-52
52,-45
52,-98
29,-51
52,60
52,109
52,121
29,90
52,-48
29,-35
52,-111
3,-67
52,56
52,48
47,84
47,-9
25,44
31,13
33,54
37,31
33,-96
37,5
33,-59
37,-23
33,87
33,61
39,6
27,54
39,29
27,-96
38,104
39,-113
27,-59
38,12
39,-125
27,87
27,61
38,27
28,54
28,-96
38,5
28,-59
28,87
38,10
28,61
28,-15
47,104
28,13
47,12
47,21
28,-18
47,27
31,-7
14,54
14,-96
40,104
40,12
34,15
31,31
14,87
40,21
31,-36
40,27
54,104
20,-113
20,-125
20,-120
35,-18
54,27
51,104
19,-113
51,12
19,-125
51,21
19,-120
51,27
37,-15
37,21
52,104
40,-15
52,-96
53,104
40,13
53,12
52,87
53,21
40,-18
52,61
53,27
42,-15
30,-94
55,104
55,12
30,55
30,65
42,-18
55,27
36,50
50,65
54,54
50,33
54,-96
50,104
54,-59
50,12
35,-125
50,-27
54,87
35,-120
54,61
50,27
42,-22
42,-23
42,10
38,50
53,-96
38,-16
38,1
53,87
53,61
43,-22
44,-15
37,29
43,31
31,-94
37,-113
43,5
44,13
37,-125
43,-23
44,-18
-30,-22
42,50
-26,-15
-30,31
42,-2
-26,21
-30,5
42,-16
-26,13
-30,-23
42,1
-30,10
-26,-18
40,6
40,-22
40,29
40,-113
40,5
40,-125
40,-23
40,10
-13,50
-15,54
-16,33
-15,-96
23,104
-13,-16
-16,-2
-15,-59
-13,1
-16,-27
-15,87
-16,8
-15,61
34,5
34,-23
-20,19
-20,8
13,-120
-20,15
-20,-1
13,65
-4,-22
25,-94
-4,5
-4,-23
25,55
-4,10
-14,-7
-9,-22
-37,50
39,54
-23,19
-14,-1
-9,31
-37,-2
23,-94
39,-96
-23,8
-9,5
-37,-16
23,-120
39,-59
-23,15
-14,31
-9,-23
-37,1
23,55
39,87
-23,-1
-9,10
-37,13
39,61
-27,-22
-28,-15
-27,31
-28,21
-28,104
-27,5
-28,13
-28,12
-27,-23
-27,10
-28,-18
-28,27
-6,6
-32,-22
-34,19
-6,29
-32,31
-34,8
-6,-113
-32,5
-34,15
-6,-125
-32,-23
-32,10
-30,-15
-30,21
-30,104
-30,12
-30,-18
-30,27
-8,-7
-31,54
-29,-33
-28,-94
-31,-96
-29,104
-31,-59
-29,12
-28,55
-31,87
-28,65
-31,61
-29,27
-31,-15
-31,-18
-30,-7
-27,-36
-24,-15
-27,-94
-31,33
-27,55
-31,-27
-30,-36
-24,-18
-22,-36
-22,-94
-22,55
-25,-36
-27,54
-25,-94
-28,33
-27,-96
-28,-2
-27,-59
-25,55
-28,-27
-27,87
-25,65
-28,8
-27,61
39,11
39,33
39,-3
39,28
39,17
39,9
6,122
23,-39
23,-49
10,122
2,111
22,111
31,5
31,111
22,-49
26,31
26,-39
12,78
11,78
16,95
15,-54
39,-27
39,74
39,83
39,25
39,22
39,-2
39,126
39,-65
39,-22
39,-17
39,-128
39,-49
39,-32
39,-20
39,-121
30,74
30,83
30,126
30,-65
30,-17
30,-128
30,-49
30,-121
9,83
9,126
6,103
17,91
9,91
3,94
18,57
18,-25
41,-19
41,-4
41,57
41,2
44,-19
18,-91
44,-35
44,-4
11,108
44,57
44,2
15,-91
15,79
12,108
18,51
19,-101
25,-35
3,-101
25,-3
25,82
3,71
25,-84
25,-30
3,-111
4,-82
23,-54
23,37
23,-90
16,-90
22,38
8,-90
22,-25
41,-16
41,-44
14,-78
41,-30
43,-16
25,-47
43,-19
43,2
25,-78
43,20
25,-25
43,-44
43,15
43,-30
16,-78
26,-5
24,-78
34,-30
25,14
27,-26
27,-46
14,-79
14,109
26,-74
26,-54
26,70
3,-87
18,-73
15,-99
3,102
15,97
3,92
3,114
18,68
18,56
18,-72
18,43
15,-58
3,-110
3,-97
12,102
6,100
5,-98
12,114
6,114
12,-87
12,-128
6,71
12,-110
12,-97
23,52
23,69
27,-37
23,91
27,-50
23,77
5,86
27,66
23,-48
23,90
27,36
27,-80
27,-52
27,67
23,101
27,-31
23,-26
27,-71
7,79
5,-114
27,71
5,-92
23,-76
23,-55
27,-32
2,119
12,101
2,100
12,-71
19,98
19,70
29,-64
29,-90
29,-41
28,26
28,-12
28,-64
28,43
3,119
28,-90
10,-50
28,-21
10,116
2,116
28,125
28,-78
28,46
28,-47
28,1
28,-10
28,-57
28,-37
28,19
28,-50
28,-20
28,-26
28,-3
14,-107
28,93
28,99
28,37
28,-29
14,106
28,41
28,23
28,-39
28,47
28,-58
28,-40
28,25
28,34
28,-66
28,-46
28,83
14,77
28,-48
28,-52
28,-32
1,-60
12,79
10,117
38,72
23,108
38,-40
38,-34
38,19
38,15
3,89
2,106
2,123
5,78
3,-86
6,-83
18,-46
2,-117
2,-121
2,-101
21,49
21,92
21,-20
7,83
3,117
2,-60
25,-14
25,19
25,-17
19,113
15,57
1,115
7,77
13,69
7,-76
2,-113
6,80
13,84
13,-88
7,98
6,-126
13,43
2,90
6,-88
6,-114
9,-107
13,-76
13,61
13,-121
13,-109
7,96
5,-78
21,110
21,43
21,-75
21,-64
21,-62
5,92
5,-85
21,-14
21,-100
21,-69
1,70
21,-68
21,60
4,84
21,-92
10,-99
2,-104
15,-89
15,-67
14,-60
18,-81
18,-70
18,-99
17,-72
18,-68
18,-67
33,35
33,24
33,25
21,-77
21,-83
21,-72
21,-82
21,-63
9,-99
26,56
26,52
1,88
23,72
18,55
23,70
23,73
31,-48
31,78
28,-11
31,-119
28,3
31,16
31,-75
31,36
28,-14
31,-13
31,119
31,43
31,103
3,90
28,-34
31,127
28,-31
31,-26
31,37
31,1
28,-25
16,-94
31,-19
31,-11
31,56
31,4
28,-62
31,-78
31,32
31,42
31,91
16,-128
31,8
31,3
31,30
28,-27
5,107
16,-62
12,83
11,52
16,-72
31,-38
31,86
31,15
28,-6
31,26
31,98
28,-77
31,-68
31,53
16,43
28,-9
11,-70
11,79
11,-66
11,84
11,-97
11,-89
11,89
28,14
18,-104
41,-124
41,-66
41,24
13,-79
41,99
41,37
41,62
13,-81
41,-8
41,-11
13,-96
41,-127
41,114
1,92
41,25
18,73
41,-40
41,-41
41,107
6,92
41,44
41,35
41,-73
18,-63
41,74
41,-49
4,-104
41,101
13,64
18,118
41,-117
41,-105
41,-28
41,-38
6,99
41,49
13,88
13,57
41,93
41,-70
41,31
16,53
41,109
41,1
41,-24
41,-48
41,-86
13,90
41,-47
41,92
41,-23
41,16
41,42
41,-58
41,100
41,-29
41,-112
41,29
41,-111
41,-51
18,-57
41,-114
41,-12
41,22
41,51
13,116
41,86
41,108
41,-103
41,105
41,-55
41,60
13,106
18,117
41,23
41,98
41,72
41,53
41,115
41,110
41,-128
41,10
6,96
41,-113
41,-17
13,-107
41,5
13,-102
6,124
16,96
41,-57
41,-75
41,58
41,-89
13,77
41,-87
41,95
41,34
6,112
41,-68
4,-98
18,96
28,24
16,-79
31,-5
28,-65
11,118
31,-71
31,-53
28,53
31,59
28,72
31,88
16,116
31,77
31,57
28,107
28,64
31,69
16,-115
12,-76
16,-107
31,48
28,-73
31,-87
31,95
28,-76
12,-84
31,2
28,-71
28,-79
31,-86
16,-87
28,-104
31,-111
31,47
16,-103
31,-110
16,-95
16,-106
31,40
11,119
31,-45
16,-121
31,-59
28,-54
16,97
31,-123
11,-99
31,23
31,-57
31,85
28,-42
28,30
28,108
28,-100
31,-100
28,106
31,117
31,24
12,-89
16,-123
28,-109
11,-48
16,-108
31,52
16,120
28,103
16,-104
28,111
31,71
28,-107
16,-122
31,-105
16,-82
31,58
31,107
31,116
28,-72
16,-112
31,-83
28,-80
31,35
28,-67
31,-60
31,-79
28,-105
31,-126
3,88
28,70
16,117
31,76
28,-99
16,101
28,-114
31,-122
28,75
28,-38
28,112
31,125
11,111
11,99
16,-92
28,-103
31,-112
28,50
31,49
16,112
28,56
28,36
28,74
31,87
28,-87
31,-56
31,105
28,90
16,-88
28,102
31,-84
31,44
28,-81
31,-92
16,-116
31,-102
11,90
31,39
28,-102
28,68
16,98
31,120
31,-127
31,-98
31,96
28,-108
16,-117
31,121
16,100
28,85
28,58
28,-56
31,-55
31,72
28,95
31,-107
16,-98
28,18
28,-115
31,19
16,109
31,90
16,-111
16,48
-18,104
-18,12
-18,27
-32,54
-32,-96
-13,104
-32,-59
-13,12
-32,87
-32,61
-13,27
-36,-7
-25,33
-25,-2
-36,31
-25,-27
-36,-36
-25,8
-9,-36
-37,-15
-9,-94
-26,104
-26,12
-9,55
-9,65
-37,-18
-26,27
-33,50
-30,65
-20,54
-33,-2
-30,33
-20,-96
-36,104
-33,-16
-20,-59
-36,12
-33,1
-30,-27
-20,87
-36,21
-33,13
-20,61
-36,27
-34,6
-5,-22
-34,29
-34,-113
-5,5
-34,-125
-5,-23
-5,10
-46,54
-26,33
-46,-96
-26,-2
-46,-59
-26,-27
-46,87
-26,8
-46,61
-48,-7
-10,6
-41,54
-6,-33
-48,-1
-10,29
-19,33
-41,-96
-6,104
-48,-33
-10,-113
-41,-59
-6,12
-48,31
-10,-125
-19,-27
-41,87
-6,21
-48,-36
-19,8
-41,61
-6,27
-17,-22
-17,31
-17,5
-17,-23
-17,10
-42,-7
-43,50
-18,19
-42,-1
-43,-2
-12,104
-18,8
-43,-16
-12,12
-18,15
-43,1
-42,-36
-12,27
-16,-22
-16,31
-16,5
-16,-23
-16,10
-1,6
-13,54
-1,29
-13,-96
-1,-113
-13,-59
-1,-125
-13,87
-13,61
-14,-22
-14,5
-14,-23
-14,10
-5,50
-7,19
-5,-2
-7,8
-5,-16
-7,15
-5,1
-7,-1
9,-94
-6,33
9,-120
-6,-27
-6,8
-8,104
-8,12
-8,27
23,29
-1,33
23,-113
-1,-2
23,-125
-1,-27
19,-94
-16,6
-16,29
-16,-113
-16,-125
7,-113
7,-125
7,-120
-35,-22
-35,31
-35,5
-35,-23
-35,10
-21,6
-21,29
-21,-113
-21,-125
-9,-7
20,87
31,-29
31,62
25,74
25,63
23,74
12,111
18,-58
36,32
19,59
19,-49
18,-84
25,51
23,-84
25,40
25,-69
25,-28
25,-1
25,23
25,57
25,3
22,18
22,127
22,-69
17,83
17,126
21,83
21,126
21,-128
21,-121
19,74
19,83
19,126
19,-121
20,126
20,-121
31,50
14,103
25,-43
26,-41
21,-80
29,-56
29,-80
31,-80
33,51
1,-111
10,-85
9,75
13,-85
25,-56
25,22
8,-95
21,87
26,-47
26,26
1,-95
4,97
24,80
16,-100
26,-86
26,-61
26,-6
8,-89
29,-61
29,-39
31,-61
10,109
31,-39
19,-100
6,109
10,75
26,35
26,38
22,53
8,-85
2,-87
22,89
21,41
21,97
22,100
21,-52
21,-85
22,81
21,-59
22,114
5,-87
22,-89
22,-128
22,77
21,69
22,71
5,-97
22,28
9,119
21,89
21,-127
21,-124
21,88
21,-74
21,54
21,75
21,70
21,-116
21,-93
17,119
29,-55
29,-66
29,-127
17,64
29,-77
29,-124
29,88
17,-67
11,67
2,101
29,50
29,-29
17,-71
29,75
29,105
29,70
29,92
29,-116
29,-93
8,120
30,27
7,-106
18,120
18,-95
30,-73
1,125
7,-77
4,-112
16,114
16,83
1,126
18,94
16,94
26,48
26,117
1,-102
4,-119
1,-89
4,121
38,-13
37,-26
38,-6
38,-26
38,36
37,-41
38,53
37,-12
38,-44
37,40
38,-68
37,-119
38,18
38,7
38,-8
38,26
37,-39
37,88
38,-50
37,-51
38,-29
38,-9
37,81
38,-42
38,3
37,79
38,-25
38,44
37,-52
37,-54
37,27
37,121
37,-109
37,72
37,115
37,35
37,49
38,-56
37,76
38,-43
37,-46
37,-99
37,-24
37,14
38,-78
37,-101
11,117
28,22
29,-54
28,52
29,23
29,-63
28,39
6,-103
10,81
24,77
24,64
24,85
10,-123
6,-101
18,-69
18,66
16,-126
24,-80
24,67
5,95
2,102
16,-66
6,-110
16,-81
24,-96
8,-108
6,-121
24,96
1,-86
4,-114
25,-53
41,69
41,70
22,48
41,71
66,0
66,127
66,-128
30,58
66,-117
4,-116
4,114
11,-76
11,64
47,2
47,-13
47,-98
47,-57
47,-64
47,30
47,4
47,24
35,26
47,-38
47,-35
35,23
47,3
47,-40
47,-30
47,-26
47,32
47,-4
47,14
35,-10
35,34
47,-77
47,-73
47,13
47,23
47,-7
47,-82
47,-52
47,39
47,-56
47,-43
47,-71
47,59
47,71
47,-101
47,16
47,-67
47,-96
35,14
47,41
19,42
47,-28
59,73
11,-124
59,50
29,108
59,-76
10,67
59,-79
59,74
59,127
59,-81
59,27
59,-3
59,-42
11,114
59,13
59,18
59,7
28,28
59,-100
29,-59
59,38
59,11
59,55
59,2
59,-16
11,107
28,-61
59,-103
59,17
59,-53
59,-40
